"","Nom.du.campement.coded","Tranche.d.age","MY.REFERENCE","Sexe","Est.ce.que.la.personne.à.des.enfants.....La.personne.à.des.enfants....1","Est.ce.que.la.personne.à.des.enfants.....La.personne.à.des.enfants....Combien.d.enfants.en.vie","Est.ce.que.la.personne.à.des.enfants.....La.personne.à.des.enfants....Combien.d.enfants.morts","Lieu.de.naissance.coded","V9","V10","V11","V12","V13","V14","V15","V16","V17","V18","V19","V20","V21","V22","V23","V24","V25","V26","V27","V28","V29","V30","V31","V32","V33","V34","V35","V36","V37","V38","V39","V40","V41","V42","V43","V44","V45","V46","V47","V48","V49","V50","V51","V52","V53","V54","V55","V56","V57","V58","V59","V60","V61","V62","V63","V64","V65","V66","V67","V68","V69","V70","V71","V72","V73","V74","V75","V76","V77","V78","V79","V80","median","max"
"1","Bonga2","Adulte","M202","M",1,"3","1","Bangui",0,96905.630405279,0,80327.6466141472,0,0,0,0,128375.313917929,0,0,0,0,0,0,0,0,0,0,0,0,46588.987314476,0,0,0,0,0,0,0,0,0,0,0,0,0,0,0,0,0,0,0,0,0,0,0,163069.420712733,0,0,0,0,0,0,0,0,0,NA,0,0,0,0,0,0,0,0,0,0,0,0,0,0,0,0,96905.630405279,163069.420712733
"2","Bonga2","Adulte","M203","F",1,"3","3","Bonga2",0,0,0,0,0,0,0,0,0,0,0,0,0,0,0,0,0,0,0,0,0,0,0,0,0,0,0,0,0,0,0,0,0,0,0,0,0,0,0,0,0,0,0,0,0,0,0,0,0,0,0,0,0,0,0,0,0,0,0,0,0,0,0,0,0,0,0,0,0,0,0,0,NA,-Inf
"3","Bonga2","Adulte","M204","F",1,"3","0","Bonga2",0,0,0,0,0,0,0,0,0,0,0,0,0,0,0,0,0,0,0,0,0,46588.987314476,0,0,0,0,0,0,0,0,0,0,0,0,0,0,0,0,0,0,0,0,0,0,0,163069.420712733,0,0,0,0,0,0,0,0,0,NA,0,0,0,0,0,0,0,0,0,0,0,0,0,0,0,0,104829.204013604,163069.420712733
"4","Bonga2","Adulte","M205","F",1,"7","0","Bangui",0,0,0,0,0,0,0,0,0,0,0,0,0,0,0,0,0,0,0,0,0,46588.987314476,0,0,0,0,0,0,0,0,0,0,0,0,0,0,0,0,0,0,0,0,0,0,0,0,0,0,0,0,0,0,0,0,0,0,0,0,0,0,0,0,0,0,0,0,0,0,0,0,0,0,46588.987314476,46588.987314476
"5","Bonga2","Adulte","M401","F",1,"","","Bangui",0,0,0,0,0,0,0,0,0,0,0,0,0,0,0,0,0,0,0,0,0,0,0,0,0,0,0,0,0,0,0,0,0,0,0,0,0,0,0,0,0,0,0,0,0,0,0,0,0,0,0,0,0,0,0,0,0,0,0,0,0,0,0,0,0,0,0,0,0,0,0,0,NA,-Inf
"6","Bonga2","Personne âgée","M206","F",1,"","10","Bonga2",0,0,0,0,0,0,0,0,0,0,0,0,0,0,0,0,0,0,0,0,0,46588.987314476,0,0,0,0,0,0,0,0,0,0,0,0,0,0,0,0,0,0,0,0,0,0,0,0,0,0,0,0,0,0,0,0,0,NA,0,0,0,91842.1959876905,0,0,0,0,0,0,0,0,0,0,0,0,69215.5916510833,91842.1959876905
"7","Bonga2","Adulte","M207","M",0,"","","Bonga2",0,0,0,0,0,0,0,0,0,0,0,0,0,0,0,0,0,0,0,0,0,46588.987314476,0,0,0,0,0,0,0,0,0,0,0,0,0,0,0,0,0,0,0,0,0,0,0,0,0,0,0,0,0,0,0,0,0,NA,0,0,0,91842.1959876905,0,0,0,0,0,0,0,0,0,0,0,0,69215.5916510833,91842.1959876905
"8","Bate","Adulte","M208","M",1,"3","3","Bate",0,96863.5700178281,87923.6820229656,80281.8255092124,0,0,0,0,128341.492227516,0,0,0,0,0,0,0,0,0,0,0,0,46629.5862509959,0,0,0,0,0,0,0,0,0,0,0,0,0,0,0,0,0,0,0,0,0,0,0,0,0,0,0,0,0,0,0,0,0,0,0,0,0,0,0,0,0,0,0,0,0,0,0,0,0,0,87923.6820229656,128341.492227516
"9","Bonga2","Enfant","M209","F",0,"","","Thanry",0,0,0,0,0,0,0,0,0,0,0,0,0,0,0,0,0,0,0,0,0,0,0,0,0,0,0,0,0,0,0,0,0,0,0,0,0,0,0,0,0,0,0,0,0,0,0,0,0,0,0,0,0,0,0,0,0,0,0,0,0,0,0,0,0,0,0,0,0,0,0,0,NA,-Inf
"10","Bonga1","Adulte","M210","M",1,"4","3","",0,0,0,0,0,0,0,0,0,0,0,0,0,0,0,0,0,0,0,0,0,46200.1960374823,0,0,0,0,0,0,0,0,0,0,0,0,0,0,0,0,0,0,0,0,0,0,0,162607.79570266,0,0,0,0,0,0,0,0,0,NA,0,0,0,91569.6988834075,0,0,0,0,0,0,0,0,0,0,0,0,91569.6988834075,162607.79570266
"11","Bonga1","Adulte","M211","F",1,"5","2","Bangui",0,0,0,0,0,0,0,0,0,0,0,0,0,0,0,0,0,0,0,0,16986.2100617771,46200.1960374823,0,0,0,0,0,0,0,0,0,0,0,0,0,0,0,0,0,0,0,0,0,0,0,0,0,0,0,0,0,0,0,0,0,NA,0,0,0,0,0,0,0,0,0,0,0,0,0,0,0,0,31593.2030496297,46200.1960374823
"12","Bonga1","Adulte","M212","M",1,"4","Aucun","Bangui",0,97324.9384993026,88434.4374310807,80833.5723072125,0,0,0,0,0,0,0,0,0,0,0,0,0,0,0,0,16986.2100617771,46200.1960374823,0,0,55493.5094776667,0,0,0,0,0,0,0,51929.9233313682,0,0,0,0,0,0,0,0,0,0,0,0,162607.79570266,0,0,0,0,0,0,0,0,0,NA,0,0,0,0,0,0,0,0,0,0,0,0,0,0,0,0,68163.5408924396,162607.79570266
"13","Bonga1","Personne âgée","M213","M",1,"3","2","Bangui",0,97324.9384993026,88434.4374310807,80833.5723072125,0,0,0,0,128653.31795126,0,0,0,0,0,0,0,0,0,0,0,16986.2100617771,0,0,0,0,0,0,0,0,0,0,0,0,0,0,0,0,0,0,0,0,0,0,0,0,0,0,0,0,0,0,0,0,0,0,0,0,0,0,0,0,0,0,0,0,0,0,0,0,0,0,0,88434.4374310807,128653.31795126
"14","Bonga1","Adulte","M214","M",1,"1","1","Bangui",0,97324.9384993026,88434.4374310807,80833.5723072125,0,0,0,0,128653.31795126,0,0,0,0,0,0,0,0,0,0,0,16986.2100617771,46200.1960374823,0,0,55493.5094776667,0,0,0,0,0,0,0,0,0,0,0,0,0,0,0,0,0,0,0,0,0,0,0,0,0,0,0,0,0,0,NA,0,0,0,0,0,0,0,0,0,0,0,0,0,0,0,0,80833.5723072125,128653.31795126
"15","Bonga1","Enfant","M215","M",0,"","","Bangui",0,0,0,0,0,0,0,0,0,0,0,0,0,0,0,0,0,0,0,0,0,0,0,0,0,0,0,0,0,0,0,0,0,0,0,0,0,0,0,0,0,0,0,0,0,0,0,0,0,0,0,0,0,0,0,0,0,0,0,0,0,0,0,0,0,0,0,0,0,0,0,0,NA,-Inf
"16","Bonga1","Enfant","M216","F",0,"","","Bonga1",0,0,0,0,0,0,0,0,0,0,0,0,0,0,0,0,0,0,0,0,0,0,0,0,0,0,0,0,0,0,0,0,0,0,0,0,0,0,0,0,0,0,0,0,0,0,0,0,0,0,0,0,0,0,0,0,0,0,0,0,0,0,0,0,0,0,0,0,0,0,0,0,NA,-Inf
"17","Bonga1","Enfant","M217","M",0,"","","Bangii",0,0,0,0,0,0,0,0,0,0,0,0,0,0,0,0,0,0,0,0,0,0,0,0,0,0,0,0,0,0,0,0,0,0,0,0,0,0,0,0,0,0,0,0,0,0,0,0,0,0,0,0,0,0,0,0,0,0,0,0,0,0,0,0,0,0,0,0,0,0,0,0,NA,-Inf
"18","Bonga1","Enfant","M218","M",0,"","","Bangui",0,0,0,0,0,0,0,0,0,0,0,0,0,0,0,0,0,0,0,0,0,0,0,0,0,0,0,0,0,0,0,0,0,0,0,0,0,0,0,0,0,0,0,0,0,0,0,0,0,0,0,0,0,0,0,0,0,0,0,0,0,0,0,0,0,0,0,0,0,0,0,0,NA,-Inf
"19","Bonga1","Enfant","M219","F",0,"","","Bangui",0,0,0,0,0,0,0,0,0,0,0,0,0,0,0,0,0,0,0,0,0,0,0,0,0,0,0,0,0,0,0,0,0,0,0,0,0,0,0,0,0,0,0,0,0,0,0,0,0,0,0,0,0,0,0,0,0,0,0,0,0,0,0,0,0,0,0,0,0,0,0,0,NA,-Inf
"20","Payo","Adolescent","M220","M",0,"","","Bangui",0,0,0,0,0,0,0,0,0,0,0,0,0,0,0,0,0,0,0,0,0,46141.221811587,0,0,0,0,0,0,0,0,0,0,0,0,0,0,0,0,0,0,0,0,0,0,0,162756.001455586,0,0,0,0,0,0,0,0,0,NA,0,0,0,0,0,0,0,0,0,0,0,0,0,0,0,0,104448.611633586,162756.001455586
"21","Payo","Personne âgée","M221","F",1,"2","1","",0,97371.5452443948,88460.233845982,80838.0870613755,0,0,0,0,128746.532594066,0,0,0,0,0,0,0,0,0,70536.4045300716,0,16936.2617916787,46141.221811587,0,0,55479.945073118,0,0,0,0,0,0,0,52088.3942527075,0,0,0,0,0,0,0,0,0,0,0,0,162756.001455586,93205.9850686072,0,91719.3326773722,0,0,0,0,0,0,NA,0,0,0,0,0,0,0,0,0,0,0,0,0,0,0,0,84649.1604536787,162756.001455586
"22","Payo","Personne âgée","M222","M",1,"3","2","",0,0,0,0,0,0,0,0,0,0,0,0,0,0,0,0,0,0,0,0,0,46141.221811587,0,0,0,0,0,95292.5117399502,0,0,0,0,52088.3942527075,0,0,0,0,0,0,0,0,0,0,0,0,0,0,0,0,0,0,0,0,0,0,NA,0,0,0,0,0,0,0,0,0,0,0,0,0,0,0,0,52088.3942527075,95292.5117399502
"23","Payo","Adulte","M223","F",1,"8","1","",0,0,0,0,0,0,0,0,0,0,0,0,0,0,0,0,0,0,0,0,16936.2617916787,46141.221811587,0,0,0,0,0,0,0,0,0,0,0,0,0,0,0,0,145245.237189943,0,0,0,0,0,0,162756.001455586,0,0,0,0,0,0,0,0,0,NA,0,0,0,0,0,0,0,0,0,0,0,0,0,0,0,0,95693.2295007648,162756.001455586
"24","Payo","Adulte","M224","M",1,"7","1","Bangui",93415.6069361875,97371.5452443948,88460.233845982,80838.0870613755,0,0,0,0,0,0,0,0,0,42779.1617904572,0,0,0,0,0,0,16936.2617916787,46141.221811587,0,0,55479.945073118,0,0,0,0,0,0,0,52088.3942527075,0,0,0,0,0,145245.237189943,0,0,0,0,0,0,162756.001455586,0,0,0,0,0,0,0,0,0,NA,0,0,0,0,229953.945010597,0,0,0,0,0,0,0,0,0,0,0,84649.1604536787,229953.945010597
"25","Payo","Enfant","M225","M",0,"","","Bangui",0,0,0,0,0,0,0,0,0,0,0,0,0,0,0,0,0,0,0,0,0,0,0,0,0,0,0,0,0,0,0,0,0,0,0,0,0,0,0,0,0,0,0,0,0,0,0,0,0,0,0,0,0,0,0,0,0,0,0,0,0,0,0,0,0,0,0,0,0,0,0,0,NA,-Inf
"26","Payo","Adulte","M227","F",1,"1","Aucun","Bangui",0,0,0,0,0,0,0,0,0,0,0,0,0,0,0,0,0,0,0,0,16936.2617916787,46141.221811587,0,0,0,0,0,0,0,0,0,0,52088.3942527075,0,0,0,0,0,145245.237189943,0,0,0,0,0,0,0,0,0,0,0,0,0,0,0,0,NA,0,0,0,0,0,0,0,0,0,0,0,0,0,0,0,0,49114.8080321473,145245.237189943
"27","Payo","Adulte","M228","F",1,"7","0","Djoube",0,0,0,0,0,0,0,0,0,0,0,0,0,0,0,0,0,0,0,0,16936.2617916787,46141.221811587,0,0,0,0,0,0,0,0,0,0,0,0,0,0,0,0,0,0,0,0,0,0,0,162756.001455586,0,0,0,0,0,0,0,0,0,NA,0,0,0,0,0,0,0,0,0,0,0,0,0,0,0,0,46141.221811587,162756.001455586
"28","Payo","Adulte","M229","M",1,"5","1","Bangui",0,97371.5452443948,88460.233845982,80838.0870613755,0,0,0,0,0,0,0,0,0,0,0,0,0,0,0,0,16936.2617916787,46141.221811587,0,0,0,0,0,0,0,0,0,0,0,0,0,0,0,0,0,0,0,0,0,0,0,162756.001455586,0,0,0,0,0,0,0,0,0,NA,0,0,0,0,0,0,0,0,0,0,0,0,0,0,0,0,84649.1604536787,162756.001455586
"29","Payo","Adulte","M230","M",1,"Erreur","","Macao",0,0,0,0,0,0,0,0,0,0,0,0,0,0,0,0,0,0,0,0,0,46141.221811587,0,0,0,0,0,0,171279.944889144,0,0,0,52088.3942527075,0,0,0,0,0,145245.237189943,0,0,0,0,0,0,162756.001455586,0,0,0,0,0,0,0,0,0,NA,0,0,0,0,0,0,0,0,0,0,0,0,0,0,0,0,145245.237189943,171279.944889144
"30","Payo","Enfant","M231","F",0,"","","Bangui",0,0,0,0,0,0,0,0,0,0,0,0,0,0,0,0,0,0,0,0,0,0,0,0,0,0,0,0,0,0,0,0,0,0,0,0,0,0,0,0,0,0,0,0,0,0,0,0,0,0,0,0,0,0,0,0,0,0,0,0,0,0,0,0,0,0,0,0,0,0,0,0,NA,-Inf
"31","Payo","Enfant","M232","F",0,"","","Bangui",0,0,0,0,0,0,0,0,0,0,0,0,0,0,0,0,0,0,0,0,0,0,0,0,0,0,0,0,0,0,0,0,0,0,0,0,0,0,0,0,0,0,0,0,0,0,0,0,0,0,0,0,0,0,0,0,0,0,0,0,0,0,0,0,0,0,0,0,0,0,0,0,NA,-Inf
"32","Payo","Enfant","M233","M",0,"","","Bangui",0,0,0,0,0,0,0,0,0,0,0,0,0,0,0,0,0,0,0,0,0,0,0,0,0,0,0,0,0,0,0,0,0,0,0,0,0,0,0,0,0,0,0,0,0,0,0,0,0,0,0,0,0,0,0,0,0,0,0,0,0,0,0,0,0,0,0,0,0,0,0,0,NA,-Inf
"33","Payo","Enfant","M234","F",0,"","","Bangui",0,0,0,0,0,0,0,0,0,0,0,0,0,0,0,0,0,0,0,0,0,0,0,0,0,0,0,0,0,0,0,0,0,0,0,0,0,0,0,0,0,0,0,0,0,0,0,0,0,0,0,0,0,0,0,0,0,0,0,0,0,0,0,0,0,0,0,0,0,0,0,0,NA,-Inf
"34","Payo","Enfant","M235","F",0,"","","Bangui",0,0,0,0,0,0,0,0,0,0,0,0,0,0,0,0,0,0,0,0,0,0,0,0,0,0,0,0,0,0,0,0,0,0,0,0,0,0,0,0,0,0,0,0,0,0,0,0,0,0,0,0,0,0,0,0,0,0,0,0,0,0,0,0,0,0,0,0,0,0,0,0,NA,-Inf
"35","Payo","Enfant","M236","M",0,"","","Loundoungou",0,0,0,0,0,0,0,0,0,0,0,0,0,0,0,0,0,0,0,0,0,0,0,0,0,0,0,0,0,0,0,0,0,0,0,0,0,0,0,0,0,0,0,0,0,0,0,0,0,0,0,0,0,0,0,0,0,0,0,0,0,0,0,0,0,0,0,0,0,0,0,0,NA,-Inf
"36","Bate","Adulte","M237","F",1,"3","3","Bangui",0,0,0,0,0,0,0,0,0,0,0,0,0,0,0,0,0,0,0,0,17442.5116671937,46629.5862509959,0,0,0,0,0,0,0,0,0,0,0,0,0,0,0,0,0,0,0,0,0,0,0,0,0,0,0,0,0,0,0,0,0,NA,0,0,0,0,0,0,0,0,0,0,0,0,0,0,0,0,32036.0489590948,46629.5862509959
"37","Bate","Adulte","M238","M",1,"3","3","Bandza",0,0,0,0,0,0,0,0,0,0,0,0,0,0,0,0,0,0,0,0,17442.5116671937,0,0,0,0,0,0,0,0,0,0,0,0,0,0,0,0,0,0,0,0,0,0,0,0,0,0,0,0,0,0,0,0,0,0,NA,0,0,0,91850.921805027,0,0,0,0,0,0,0,0,0,0,0,0,54646.7167361103,91850.921805027
"38","Bete3","Adulte","M239","M",1,"2","1","Bangui",0,97188.0582353635,88283.1674446598,80670.4015428476,0,0,0,0,128560.206613797,0,0,0,0,0,0,0,0,0,0,0,17120.3646064758,46327.0918961585,0,0,0,0,0,0,0,0,0,0,0,0,0,0,0,0,0,0,0,0,0,0,0,162750.992247725,0,0,0,0,0,0,0,0,0,NA,0,0,0,0,0,0,0,0,0,0,0,0,0,0,0,0,88283.1674446598,162750.992247725
"39","Bete3","Adulte","M240","F",1,"2","1","Bangui",0,0,0,0,0,0,0,0,0,0,0,0,0,0,0,0,0,0,0,0,17120.3646064758,46327.0918961585,0,0,0,0,0,0,0,0,0,0,0,0,0,0,0,0,0,0,0,0,0,0,0,0,0,0,0,0,0,0,0,0,0,NA,0,0,0,91651.136580345,0,0,0,0,0,0,0,0,0,0,0,0,46327.0918961585,91651.136580345
"40","Bete3","Adulte","M241","F",1,"2","1","Bangui",0,0,0,0,0,0,0,0,0,0,0,0,0,0,0,0,0,0,0,0,0,0,0,0,0,0,0,0,0,0,0,0,0,0,0,0,0,0,0,0,0,0,0,0,0,0,0,0,0,0,0,0,0,0,0,NA,0,0,0,0,0,16336.240150809,0,0,0,0,0,0,0,0,0,0,16336.240150809,16336.240150809
"41","Bete1","Adulte","M242","M",1,"5","10","Bangui",0,97339.5157430599,88443.8490516258,80837.6514350458,0,0,0,0,128679.258352249,0,0,0,0,0,0,0,0,0,0,0,16970.6482150737,46182.5040756221,0,0,0,0,0,0,0,0,0,0,0,0,0,0,0,0,0,0,0,0,0,0,0,162643.817613059,0,0,0,0,0,0,0,0,0,NA,0,0,0,0,0,0,0,0,0,0,0,0,0,0,0,0,88443.8490516258,162643.817613059
"42","Bete1","Adulte","M243","F",1,"5","4","Mboule",0,0,0,0,0,0,0,0,0,0,0,0,0,0,0,0,0,0,0,0,16970.6482150737,46182.5040756221,0,0,0,0,0,0,0,0,0,0,51970.7309203976,0,0,0,0,0,0,0,0,0,0,0,0,0,0,0,0,0,0,0,0,0,0,NA,0,0,0,91611.3792922077,0,0,0,0,0,0,0,0,0,0,0,0,49076.6174980099,91611.3792922077
"43","Bete1","Personne âgée","M244","F",1,"3","10","Bangui",0,0,0,0,0,0,0,0,0,0,0,0,0,0,0,0,0,0,0,0,16970.6482150737,46182.5040756221,0,0,0,0,0,0,0,0,0,0,0,0,0,0,0,0,0,0,0,0,0,0,0,0,0,0,0,0,0,0,0,0,0,NA,0,0,0,0,0,0,0,0,0,0,0,0,0,0,0,0,31576.5761453479,46182.5040756221
"44","Bete1","Adulte","M245","M",1,"4","5","Bangui",0,97339.5157430599,88443.8490516258,80837.6514350458,0,0,0,0,128679.258352249,0,0,0,0,42765.9120040806,0,0,0,0,0,0,16970.6482150737,46182.5040756221,0,0,55493.0083186083,0,0,0,0,0,0,0,0,0,0,0,0,0,0,0,0,0,0,0,0,0,0,0,0,0,0,0,0,0,0,NA,0,0,0,0,0,0,0,0,0,0,0,0,0,0,0,0,68165.329876827,128679.258352249
"45","Payo","Adulte","M246","M",1,"5","2","Boua",0,97371.5452443948,88460.233845982,80838.0870613755,0,0,0,0,0,0,0,0,0,0,0,0,0,0,0,0,16936.2617916787,46141.221811587,0,0,0,0,0,0,0,0,0,0,52088.3942527075,0,0,0,0,0,0,0,0,0,0,0,0,162756.001455586,0,0,0,0,0,0,0,0,0,NA,0,0,0,0,0,0,0,0,0,0,0,0,0,0,0,0,80838.0870613755,162756.001455586
"46","Payo","Personne âgée","M247","F",1,"3","5","",0,97371.5452443948,88460.233845982,80838.0870613755,0,0,0,0,128746.532594066,0,0,0,0,0,0,0,0,0,0,0,16936.2617916787,46141.221811587,0,0,55479.945073118,0,0,0,0,0,0,0,0,0,0,0,0,0,0,0,0,0,0,0,0,0,0,0,0,0,0,0,0,0,0,NA,0,0,0,0,0,0,0,0,0,0,0,0,0,0,0,0,80838.0870613755,128746.532594066
"47","Payo","Adulte","M248","F",1,"5","2","Bangui",0,0,0,0,0,0,0,0,0,0,0,0,0,0,0,0,0,0,0,0,16936.2617916787,46141.221811587,0,0,0,0,0,0,0,0,0,0,0,0,0,0,0,0,0,0,0,0,0,0,0,0,0,0,0,0,0,0,0,0,0,NA,0,0,0,0,0,0,0,0,0,0,0,0,0,0,0,0,31538.7418016329,46141.221811587
"48","Bete3","Enfant","M249","M",0,"","","Bangui",0,0,0,0,0,0,0,0,0,0,0,0,0,0,0,0,0,0,0,0,0,0,0,0,0,0,0,0,0,0,0,0,0,0,0,0,0,0,0,0,0,0,0,0,0,0,0,0,0,0,0,0,0,0,0,0,0,0,0,0,0,0,0,0,0,0,0,0,0,0,0,0,NA,-Inf
"49","Bete3","Enfant","M250","M",0,"","","Loundoungou",0,0,0,0,0,0,0,0,0,0,0,0,0,0,0,0,0,0,0,0,0,0,0,0,0,0,0,0,0,0,0,0,0,0,0,0,0,0,0,0,0,0,0,0,0,0,0,0,0,0,0,0,0,0,0,0,0,0,0,0,0,0,0,0,0,0,0,0,0,0,0,0,NA,-Inf
"50","Bonga1","Adulte","M251","",1,"5","0","Mboule",0,0,0,0,0,0,0,0,0,0,0,0,0,0,0,0,0,0,0,0,16986.2100617771,46200.1960374823,0,0,0,0,0,0,0,0,0,0,0,0,0,0,0,0,0,0,0,0,0,0,0,0,0,0,0,0,0,0,0,0,0,NA,0,0,0,91569.6988834075,0,0,0,0,0,0,0,0,0,0,0,0,46200.1960374823,91569.6988834075
"51","Bete1","Adolescent","M252","F",1,"1","Aucun","Bangui",0,0,0,0,0,0,0,0,0,0,0,0,0,0,0,0,0,0,0,0,0,46182.5040756221,0,0,0,0,0,0,0,0,0,0,0,0,0,0,0,0,0,0,0,0,0,0,0,0,0,0,0,0,0,0,0,0,0,NA,0,0,0,0,0,0,0,0,0,0,0,0,0,0,0,0,46182.5040756221,46182.5040756221
"52","Bete1","Adulte","M253","F",1,"6","2","Bangui",0,0,0,0,0,0,0,0,0,0,0,0,0,0,0,0,0,0,0,0,16970.6482150737,46182.5040756221,0,0,0,0,0,0,0,0,0,0,51970.7309203976,0,0,0,0,0,0,0,0,0,0,0,0,162643.817613059,0,0,0,0,0,0,0,0,0,NA,0,0,0,0,0,0,0,0,0,0,0,0,0,0,0,0,49076.6174980099,162643.817613059
"53","Bete1","Adolescent","M254","M",1,"1","0","Bangui",0,0,0,0,0,0,0,0,0,0,0,0,0,0,0,0,0,0,0,0,16970.6482150737,46182.5040756221,0,0,0,0,0,0,0,0,0,0,51970.7309203976,0,0,0,0,0,0,0,0,0,0,0,0,162643.817613059,0,0,0,0,0,0,0,0,0,NA,0,0,0,0,0,0,0,0,0,0,0,0,0,0,0,0,49076.6174980099,162643.817613059
"54","Bete1","Adolescent","M255","F",1,"1","Aucun","Bangui",0,0,0,0,0,0,0,0,0,0,0,0,0,0,0,0,0,0,0,0,16970.6482150737,46182.5040756221,0,0,0,0,0,0,0,0,0,0,0,0,0,0,0,0,0,0,0,0,0,0,0,0,0,0,0,0,0,0,0,0,0,NA,0,0,0,91611.3792922077,0,0,0,0,0,0,0,0,0,0,0,0,46182.5040756221,91611.3792922077
"55","Payo","Adolescent","M257","F",0,"","","Bangui",0,0,0,0,0,0,0,0,0,0,0,0,0,0,0,0,0,0,0,0,0,46141.221811587,0,0,0,0,0,0,0,0,0,0,0,0,0,0,0,0,0,0,0,0,0,0,0,0,0,0,0,0,0,0,0,0,0,NA,0,0,0,0,0,0,0,0,0,0,0,0,0,0,0,0,46141.221811587,46141.221811587
"56","Bonga1","Personne âgée","M258","F",1,"3","2","Bangui",0,0,0,0,0,0,0,0,0,0,0,0,0,0,0,0,0,0,0,0,16986.2100617771,46200.1960374823,0,0,0,0,0,0,0,0,0,0,0,0,0,0,0,0,0,0,0,0,0,0,0,0,0,0,0,0,0,0,0,0,0,0,0,0,0,0,0,0,0,0,0,0,0,0,0,0,0,0,31593.2030496297,46200.1960374823
"57","Payo","Enfant","M256","M",0,"","","",0,0,0,0,0,0,0,0,0,0,0,0,0,0,0,0,0,0,0,0,0,0,0,0,0,0,0,0,0,0,0,0,0,0,0,0,0,0,0,0,0,0,0,0,0,0,0,0,0,0,0,0,0,0,0,0,0,0,0,0,0,0,0,0,0,0,0,0,0,0,0,0,NA,-Inf
"58","Bonga1","Adulte","M259","F",1,"1","","Bangui",0,0,0,0,0,0,0,0,0,0,0,0,0,0,0,0,0,0,0,0,16986.2100617771,0,0,0,0,0,0,0,0,0,0,0,0,0,0,0,0,0,0,0,0,0,0,0,0,162607.79570266,0,0,0,0,0,0,0,0,0,NA,0,0,0,0,0,0,0,0,0,0,0,0,0,0,0,0,89797.0028822184,162607.79570266
"59","Bonga1","Adulte","M260","F",1,"1","1","Bangui",0,0,0,0,0,0,0,0,0,0,0,0,0,0,0,0,0,0,0,0,16986.2100617771,46200.1960374823,0,0,0,0,246301.029748941,0,171151.827299214,0,0,0,0,0,0,0,0,0,0,0,0,0,0,0,0,162607.79570266,0,0,0,0,0,0,0,0,0,NA,0,0,0,0,0,0,0,0,0,0,0,0,0,0,0,0,162607.79570266,246301.029748941
"60","Bonga1","Adulte","M261","F",1,"4","4","Bangui",0,0,0,0,0,0,0,0,0,0,0,0,0,0,0,0,0,0,0,0,16986.2100617771,46200.1960374823,0,0,0,0,0,0,0,0,0,0,0,0,0,0,0,0,0,0,0,0,0,0,0,0,0,0,0,0,0,0,0,0,0,NA,0,0,0,91569.6988834075,0,0,0,0,0,0,0,0,0,0,0,0,46200.1960374823,91569.6988834075
"61","Bete2","Adulte","M262","F",1,"5","2","Bangui",0,0,0,0,0,0,0,0,0,0,0,0,0,0,0,0,0,0,0,0,0,46378.5853212635,0,0,0,0,0,0,0,0,0,0,0,0,0,0,0,0,0,0,0,0,0,0,0,0,0,0,0,0,0,0,0,0,0,NA,0,0,0,0,0,0,0,0,0,0,0,0,0,0,0,0,46378.5853212635,46378.5853212635
"62","Bete2","Adulte","M263","F",1,"5","8","Bangui",0,0,0,0,0,0,0,0,0,0,0,0,0,0,0,0,0,0,0,0,0,0,0,0,0,0,0,0,0,0,0,0,51962.4091224245,0,0,0,0,0,0,0,0,0,0,0,0,0,0,0,0,0,0,0,0,0,0,0,0,0,0,0,0,0,0,0,0,0,0,0,0,0,0,0,51962.4091224245,51962.4091224245
"63","Bete2","Personne âgée","M264","F",1,"1","5","Bangui",0,0,0,0,0,0,0,0,0,0,0,0,0,0,0,0,0,0,0,0,0,0,0,0,0,0,0,0,0,0,0,0,0,0,0,0,0,0,0,0,0,0,0,0,0,0,0,0,0,0,0,0,0,0,0,0,0,0,0,0,0,0,0,0,0,0,0,0,0,0,0,0,NA,-Inf
"64","Bete2","Adulte","M265","M",1,"4","4","Bangui",0,97133.0683554762,88223.0148626041,80606.0770603322,236348.85363608,105496.311696709,110421.530590876,0,128521.316006794,0,0,0,0,42542.6426042964,0,0,0,0,0,0,17174.6250603686,46378.5853212635,0,0,0,0,0,0,0,0,0,0,0,0,0,0,0,128848.963596744,145394.653343856,0,0,0,0,0,0,162803.755937329,0,0,0,0,0,0,0,0,0,NA,0,0,0,0,0,0,0,0,0,0,0,0,0,0,0,0,105496.311696709,236348.85363608
"65","Bete2","Adulte","M266","F",1,"4","4","Bangui",0,0,0,0,0,0,0,0,0,0,0,0,0,0,0,0,0,0,0,0,17174.6250603686,0,0,0,0,0,0,0,0,0,0,0,0,0,0,0,0,0,0,0,0,0,0,0,0,0,0,0,0,0,0,0,0,0,0,NA,0,0,0,91679.2167088814,0,0,0,0,0,0,0,0,0,0,0,0,54426.920884625,91679.2167088814
"66","Bete2","Adulte","M267","M",1,"10","3","Bangui",0,0,0,0,0,0,0,0,0,0,0,0,0,42542.6426042964,0,0,0,0,0,0,0,46378.5853212635,0,0,0,0,0,0,0,0,0,0,51962.4091224245,0,0,0,0,0,145394.653343856,0,0,0,0,0,0,162803.755937329,0,0,0,0,0,0,0,0,0,NA,0,0,0,0,0,0,0,0,0,0,0,0,0,0,0,0,51962.4091224245,162803.755937329
"67","Bete3","Adulte","M268","F",1,"3","1","Bangui",0,0,0,0,0,0,0,0,0,0,0,0,0,0,0,0,0,0,0,0,0,46327.0918961585,0,0,0,0,0,0,0,0,0,0,0,0,0,0,0,0,0,0,0,0,0,0,0,0,0,0,0,0,0,0,0,0,0,NA,0,0,0,0,0,16336.240150809,0,0,0,0,0,0,0,0,0,0,31331.6660234837,46327.0918961585
"68","Bete2","Personne âgée","M269","F",1,"2","4","Bangui",0,0,0,0,0,0,0,0,0,0,0,0,0,0,0,0,0,0,0,0,0,0,0,0,0,0,0,0,0,0,0,0,0,0,0,0,0,0,0,0,0,0,0,0,0,0,0,0,0,0,0,0,0,0,0,0,0,0,0,0,0,0,0,0,0,0,0,0,0,0,0,0,NA,-Inf
"69","Payo","Enfant","M270","F",0,"","","Bangui",0,0,0,0,0,0,0,0,0,0,0,0,0,0,0,0,0,0,0,0,0,0,0,0,0,0,0,0,0,0,0,0,0,0,0,0,0,0,0,0,0,0,0,0,0,0,0,0,0,0,0,0,0,0,0,0,0,0,0,0,0,0,0,0,0,0,0,0,0,0,0,0,NA,-Inf
"70","Mboule","Adulte","M271","M",1,"4","Aucun","Bangui",0,0,0,0,0,0,0,0,0,0,0,0,0,0,0,0,0,0,0,0,18101.5448824699,47313.7964735886,0,0,0,0,0,0,0,0,0,0,0,0,0,0,0,0,0,0,0,0,0,0,0,0,0,0,0,0,0,0,0,0,0,0,0,0,0,0,0,0,20830.8944805252,0,0,0,0,0,0,0,0,0,20830.8944805252,47313.7964735886
"71","Mboule","Adulte","M272","M",1,"4","1","Mboule",0,96209.9488584473,87332.4181569947,79763.1730657268,0,0,0,0,127584.265225484,0,0,0,0,41660.8331498184,0,0,0,0,0,0,18101.5448824699,47313.7964735886,0,0,54464.6829016138,0,0,0,0,0,0,0,0,0,0,0,0,0,0,0,0,0,0,0,0,162783.362082754,0,0,0,0,128273.276799324,124305.871964981,0,0,0,NA,0,0,0,0,0,0,0,0,0,0,0,0,0,0,0,0,87332.4181569947,162783.362082754
"72","Mboule","Adolescent","M273","F",0,"","","Bangui",0,0,0,0,0,0,0,0,0,0,0,0,0,0,0,0,0,0,0,0,0,47313.7964735886,0,0,0,0,0,0,0,0,0,0,0,0,0,0,0,0,0,0,0,0,0,0,0,0,0,0,0,0,0,0,0,0,0,NA,0,0,0,0,0,0,0,NA,0,0,0,0,0,0,0,0,47313.7964735886,47313.7964735886
"73","Mboule","Adolescent","M274","M",0,"","","Mboule",0,0,0,0,0,0,0,0,0,0,0,0,0,0,0,0,0,0,0,0,0,47313.7964735886,0,0,0,0,0,0,0,0,0,0,0,0,0,0,0,0,0,0,0,0,0,0,0,162783.362082754,0,0,0,0,0,0,0,0,0,NA,0,0,0,0,0,0,0,0,0,0,0,0,0,0,0,0,105048.579278171,162783.362082754
"74","Mboule","Personne âgée","M275","M",1,"3","2","Bangui",0,0,0,0,0,0,0,0,0,0,0,0,0,0,0,0,0,0,0,0,0,0,0,0,0,0,0,0,0,0,0,0,0,0,0,0,0,0,0,0,0,0,0,0,0,0,0,0,0,0,0,0,0,0,0,NA,0,0,0,0,0,0,0,0,0,0,0,0,0,0,0,0,NA,-Inf
"75","Mboule","Personne âgée","M277","F",1,"7","4","",0,96209.9488584473,87332.4181569947,79763.1730657268,235683.496777527,104554.373083505,109479.299643353,0,127584.265225484,0,0,0,0,41660.8331498184,0,0,0,0,0,0,18101.5448824699,47313.7964735886,0,0,0,0,0,0,0,0,0,0,0,0,0,0,0,0,0,0,0,0,0,0,0,0,0,0,0,0,0,0,0,0,0,0,0,0,0,0,0,0,0,0,0,0,0,0,0,0,0,0,91771.183507721,235683.496777527
"76","Mboule","Adulte","M279","F",1,"3","3","Mboule",0,0,0,0,0,0,0,0,0,0,0,0,0,0,0,0,0,0,0,0,18101.5448824699,0,0,0,0,0,0,0,0,0,0,0,0,0,0,0,0,0,0,0,0,0,0,0,0,0,0,0,0,0,0,0,0,0,0,0,0,0,0,0,0,0,0,0,0,0,0,0,0,0,0,0,18101.5448824699,18101.5448824699
"77","Mboule","Adulte","M278","M",1,"3","1","Mboule",0,0,0,0,0,0,0,0,0,0,0,0,0,0,0,0,0,0,0,0,18101.5448824699,0,0,0,0,0,0,0,0,0,0,0,0,0,0,0,0,0,0,0,0,0,0,0,0,0,0,0,0,0,0,0,0,0,0,NA,0,0,0,91262.0127581066,0,0,0,0,0,0,0,0,0,0,0,0,54681.7788202883,91262.0127581066
"78","Mboule","Adulte","M280","F",1,"1","2","Mboule",0,0,0,0,0,0,0,0,0,0,0,0,0,0,0,0,0,0,0,0,18101.5448824699,47313.7964735886,0,0,0,0,0,0,0,0,0,0,0,0,0,0,0,0,0,0,0,0,0,0,0,0,0,0,0,0,0,0,0,0,0,NA,0,0,0,91262.0127581066,0,0,0,0,0,0,0,0,0,0,0,0,47313.7964735886,91262.0127581066
"79","Mboule","Adulte","M281","F",1,"2","2","Mboule",0,0,0,79763.1730657268,0,0,0,0,0,0,0,0,0,0,0,0,0,0,0,0,18101.5448824699,47313.7964735886,0,0,54464.6829016138,0,0,0,0,0,0,0,0,0,0,0,0,0,0,0,0,0,0,0,0,0,0,0,0,0,0,0,0,0,0,NA,0,0,0,91262.0127581066,0,0,0,0,0,0,0,0,0,0,0,0,54464.6829016138,91262.0127581066
"80","Mboule","Adulte","M282","M",1,"4","3","Bangui",0,0,0,0,0,0,0,0,0,0,0,0,0,0,0,0,0,0,0,0,18101.5448824699,0,0,0,0,0,0,0,0,0,0,0,0,0,0,0,0,0,0,0,0,0,0,0,0,0,0,0,0,0,0,0,0,0,0,NA,0,0,0,91262.0127581066,0,0,0,0,0,0,0,0,0,0,0,0,54681.7788202883,91262.0127581066
"81","Mboule","Adulte","M283","F",1,"2","2","Bangui",0,0,0,0,0,0,0,0,0,0,0,0,0,0,0,0,0,0,0,0,18101.5448824699,0,0,0,0,0,0,0,0,0,0,0,0,0,0,0,0,0,0,0,0,0,0,0,0,0,0,0,0,0,0,0,0,0,0,0,0,0,0,0,0,0,0,0,0,0,0,0,0,0,0,0,18101.5448824699,18101.5448824699
"82","Mboule","Adulte","M284","F",1,"3","1","Bangui",0,0,0,0,0,0,0,0,0,0,0,0,0,0,0,0,115279.51520256,0,0,0,18101.5448824699,47313.7964735886,0,0,0,0,0,0,0,0,0,0,0,0,0,0,0,0,0,0,0,0,0,0,0,0,0,0,0,0,0,0,0,0,0,0,0,0,0,0,0,0,0,0,0,0,0,0,0,0,0,0,47313.7964735886,115279.51520256
"83","Mboule","Adolescent","M285","M",0,"","","Bangui",0,0,0,0,0,0,0,0,0,0,0,0,0,0,0,0,0,0,0,0,18101.5448824699,47313.7964735886,0,0,0,0,0,0,0,0,0,0,0,0,0,0,0,0,0,0,0,0,0,0,0,0,0,0,0,0,0,0,0,0,0,NA,0,0,0,0,0,0,0,0,0,0,0,0,0,0,0,0,32707.6706780292,47313.7964735886
"84","Mboule","Adulte","M286","F",1,"2","1","Bangui",0,0,0,0,0,0,0,0,0,0,0,0,0,0,0,0,0,0,0,0,18101.5448824699,0,0,0,0,0,0,0,0,0,0,0,0,0,0,0,0,0,0,0,0,0,0,0,0,0,0,0,0,0,0,0,0,0,0,0,0,0,0,0,0,0,0,0,0,0,0,0,0,0,0,0,18101.5448824699,18101.5448824699
"85","Mboule","Adolescent","M287","F",0,"","","Bangui",0,0,0,0,0,0,0,0,0,0,0,0,0,0,0,0,0,0,0,0,18101.5448824699,47313.7964735886,0,0,0,0,0,0,0,0,0,0,0,0,0,0,0,0,0,0,0,0,0,0,0,0,0,0,0,0,0,0,0,0,0,0,0,0,0,0,0,0,20830.8944805252,0,0,0,0,0,0,0,0,0,20830.8944805252,47313.7964735886
"86","Goumakoungou2","Personne âgée","M288","M",1,"6","0","Mboule",0,88486.2929668108,79944.1468619161,72855.8543454831,0,0,0,0,0,0,0,0,0,34444.0837164417,0,7603.19022978003,0,0,0,0,25941.248316406,55191.4663033573,0,0,48147.1832035047,0,0,0,0,0,0,0,0,0,0,0,0,0,0,0,0,0,0,0,0,162613.589052307,0,0,0,0,0,0,0,0,0,NA,0,0,0,0,0,0,0,0,0,0,0,0,0,0,0,0,55191.4663033573,162613.589052307
"87","Goumakoungou2","Personne âgée","M373","F",1,"1","4","Bangui",0,0,0,0,0,0,0,0,0,0,0,0,0,0,0,0,0,0,0,0,0,55191.4663033573,0,0,0,0,0,0,0,0,0,0,0,0,0,0,0,0,0,0,0,0,0,0,0,0,0,0,0,0,0,0,0,0,0,0,0,0,0,0,0,0,0,NA,0,0,0,0,0,0,0,0,55191.4663033573,55191.4663033573
"88","Goumakoungou2","Adulte","M289","F",1,"7","0","Bangui",0,0,0,0,0,0,0,0,0,0,0,0,0,0,0,7603.19022978003,0,0,0,0,25941.248316406,55191.4663033573,0,0,0,0,0,0,0,0,0,0,0,0,0,0,0,0,0,0,0,0,0,0,0,0,0,0,0,0,0,0,0,0,0,NA,0,0,0,87865.5209012988,0,0,0,0,0,0,0,0,0,0,0,0,40566.3573098816,87865.5209012988
"89","Goumakoungou2","Personne âgée","M290","F",1,"3","4","Bangui",0,0,0,0,0,0,0,0,0,0,0,0,0,0,0,7603.19022978003,0,0,0,0,25941.248316406,0,0,0,0,0,0,0,0,0,0,0,0,0,0,0,0,0,0,0,0,0,0,0,0,0,0,0,0,0,0,0,0,0,0,NA,0,0,0,0,0,0,0,0,0,0,0,0,0,0,0,0,16772.219273093,25941.248316406
"90","Goumakoungou2","Adulte","M291","M",1,"1","4","Mboule",0,88486.2929668108,0,0,0,0,0,0,119657.20404164,0,0,0,0,0,0,7603.19022978003,0,0,0,0,25941.248316406,55191.4663033573,0,0,0,0,0,0,0,0,0,0,45960.5443919484,0,0,0,0,0,0,0,0,0,0,0,0,162613.589052307,0,0,0,0,0,0,0,0,0,NA,0,0,0,0,0,0,0,0,0,0,0,0,0,0,0,0,55191.4663033573,162613.589052307
"91","Goumakoungou2","","M293","M",0,"","","Bangui",0,0,0,0,0,0,0,0,0,0,0,0,0,0,0,7603.19022978003,0,0,0,0,0,55191.4663033573,0,0,0,0,0,0,0,0,0,0,0,0,0,0,0,0,0,0,0,0,0,0,0,0,0,0,0,0,0,0,0,0,0,0,0,0,0,0,0,0,28783.5331570299,0,0,0,0,0,0,0,0,0,28783.5331570299,55191.4663033573
"92","Goumakoungou2","Adolescent","M294","F",0,"","","Bangui",0,0,0,0,0,0,0,0,0,0,0,0,0,0,0,7603.19022978003,0,0,0,0,0,55191.4663033573,0,0,0,0,0,0,0,0,0,0,0,0,0,0,0,0,0,0,0,0,0,0,0,0,0,0,0,0,0,0,0,0,0,0,0,0,0,0,0,0,28783.5331570299,0,0,0,0,0,0,0,0,0,28783.5331570299,55191.4663033573
"93","Goumakoungou2","Adolescent","M295","F",0,"","","Bangui",0,0,0,0,0,0,0,0,0,0,0,0,0,0,0,7603.19022978003,0,0,0,0,0,55191.4663033573,0,0,0,0,0,0,0,0,0,0,0,0,0,0,0,0,0,0,0,0,0,0,0,0,0,0,0,0,0,0,0,0,0,0,0,0,0,0,0,0,28783.5331570299,0,0,0,0,0,0,0,0,0,28783.5331570299,55191.4663033573
"94","Keke","Adulte","M296","M",1,"7","1","Djoube",0,84126.3555966069,76334.188362013,70092.134560394,0,0,0,0,113957.712040218,0,0,0,0,31564.1086582054,0,13339.2020776609,0,0,73474.4781655671,0,0,60318.7114715386,0,0,46458.2785981672,0,0,0,0,0,0,0,0,0,0,0,0,0,0,0,0,0,0,0,0,159480.715769916,0,0,0,0,0,0,0,0,0,0,0,0,0,0,0,0,0,0,0,0,0,0,0,0,0,0,71783.3063629806,159480.715769916
"95","Keke","Adulte","M297","F",1,"6","1","Bangui",0,0,0,0,0,0,0,0,0,0,0,0,0,31564.1086582054,0,13339.2020776609,0,0,0,0,0,0,0,0,0,0,0,0,0,0,0,0,0,0,0,0,0,0,0,0,0,0,0,0,0,0,0,0,0,0,0,0,0,0,0,0,0,0,0,0,0,0,0,0,11337.5114844658,0,0,0,0,0,0,0,13339.2020776609,31564.1086582054
"96","Mboule","Adolescent","M298","M",0,"","","Bangui",0,0,0,0,0,0,0,0,0,0,0,0,0,0,0,0,0,0,0,0,18101.5448824699,47313.7964735886,0,0,0,0,0,0,0,0,0,0,0,0,0,0,0,0,0,0,0,0,0,0,0,162783.362082754,0,0,0,0,0,0,0,0,0,NA,0,0,0,0,0,0,0,0,0,0,0,0,0,0,0,0,47313.7964735886,162783.362082754
"97","Keke","Enfant","M501","M",0,"","","Djoube",0,0,0,0,0,0,0,0,0,0,0,0,0,0,0,0,0,0,0,0,0,0,0,0,0,0,0,0,0,0,0,0,0,0,0,0,0,0,0,0,0,0,0,0,0,0,0,0,0,0,0,0,0,0,0,0,0,0,0,0,0,0,0,0,0,0,0,0,0,0,0,0,NA,-Inf
"98","Keke","Enfant","M502","F",0,"","","Djoube",0,0,0,0,0,0,0,0,0,0,0,0,0,0,0,0,0,0,0,0,0,0,0,0,0,0,0,0,0,0,0,0,0,0,0,0,0,0,0,0,0,0,0,0,0,0,0,0,0,0,0,0,0,0,0,0,0,0,0,0,0,0,0,0,0,0,0,0,0,0,0,0,NA,-Inf
"99","Keke","Adulte","M299","M",1,"3","0","Djoube",0,84126.3555966069,76334.188362013,70092.134560394,0,0,0,0,113957.712040218,0,0,0,0,31564.1086582054,0,13339.2020776609,0,0,0,0,0,60318.7114715386,0,0,0,0,0,0,0,0,0,0,0,0,0,0,0,0,0,0,0,0,0,0,0,0,0,0,0,0,0,0,0,0,0,0,0,0,0,0,0,0,0,0,0,0,0,0,0,0,0,0,70092.134560394,113957.712040218
"100","Keke","Adulte","M300","F",1,"3","0","Djoube",0,0,0,0,0,0,0,0,0,0,0,0,0,0,0,13339.2020776609,0,0,0,0,0,0,0,0,0,0,0,0,0,0,0,0,0,0,0,0,0,0,0,0,0,0,0,0,0,0,0,0,0,0,0,0,0,0,0,0,0,0,0,0,0,0,0,0,11337.5114844658,0,0,0,0,0,0,0,12338.3567810634,13339.2020776609
"101","Keke","Adulte","M301","M",1,"8","2","Mboule",80694.790852385,84126.3555966069,76334.188362013,70092.134560394,0,0,0,0,0,0,0,0,0,31564.1086582054,0,13339.2020776609,0,0,0,0,31146.9309921936,0,0,0,46458.2785981672,0,0,0,0,0,0,0,0,0,0,0,0,0,0,0,0,0,0,0,0,159480.715769916,0,0,0,0,0,0,0,0,0,NA,0,0,0,0,0,0,0,0,0,0,0,0,0,0,0,0,70092.134560394,159480.715769916
"102","Keke","","M302","F",0,"","","",0,0,0,0,0,0,0,0,0,0,0,0,0,0,0,0,0,0,0,0,0,0,0,0,0,0,0,0,0,0,0,0,0,0,0,0,0,0,0,0,0,0,0,0,0,0,0,0,0,0,0,0,0,0,0,0,0,0,0,0,0,0,0,0,0,0,0,0,0,0,0,0,NA,-Inf
"103","Keke","Adulte","M303","F",1,"3","2","Moumbelou",0,0,0,0,0,0,0,0,0,0,0,0,0,0,0,13339.2020776609,0,0,0,0,0,60318.7114715386,0,0,0,0,0,0,0,0,0,0,40077.5884604152,0,0,0,0,0,0,0,0,0,0,0,0,0,0,0,0,0,0,0,0,0,0,0,0,0,0,0,0,0,34472.6100974573,0,0,0,0,0,0,0,0,0,37275.0992789362,60318.7114715386
"104","Keke","Personne âgée","M503","F",0,"","","Mboule",0,0,0,0,0,0,0,0,0,0,0,0,0,0,0,0,0,0,0,0,0,0,0,0,0,0,0,0,0,0,0,0,0,0,0,0,0,0,0,0,0,0,0,0,0,0,0,0,0,0,0,0,0,0,0,0,0,0,0,0,0,0,0,0,0,0,0,0,0,0,0,0,NA,-Inf
"105","Keke","Adulte","M304","F",1,"1","1","Bobate",0,0,0,0,0,0,0,0,0,0,0,0,0,0,0,13339.2020776609,0,0,0,0,31146.9309921936,60318.7114715386,0,0,0,0,0,0,0,0,0,0,0,0,0,0,0,0,0,0,0,0,0,0,0,0,0,0,0,0,0,0,0,0,0,NA,0,0,0,82832.6981882526,0,0,0,0,0,0,0,0,0,0,0,0,45732.8212318661,82832.6981882526
"106","Keke","Adulte","M305","M",1,"1","1","Bangui",0,0,0,0,0,0,0,0,0,0,0,0,0,0,0,13339.2020776609,0,0,0,0,0,60318.7114715386,0,0,0,0,0,0,0,0,0,0,40077.5884604152,0,0,0,0,0,149065.759045713,0,0,0,0,0,0,159480.715769916,0,0,0,0,0,0,0,0,0,NA,0,0,0,0,0,0,0,0,0,0,0,0,0,0,0,0,60318.7114715386,159480.715769916
"107","Keke","Adulte","M306","M",1,"5","2","",80694.790852385,84126.3555966069,76334.188362013,70092.134560394,0,0,0,0,113957.712040218,0,0,0,0,31564.1086582054,0,13339.2020776609,0,0,0,0,0,60318.7114715386,0,0,46458.2785981672,0,0,0,0,0,0,0,0,0,0,0,0,0,0,0,0,0,0,0,0,0,0,0,0,0,0,0,0,0,0,NA,0,0,0,0,0,0,0,0,0,0,0,0,0,0,0,0,70092.134560394,113957.712040218
"108","Keke","Adulte","M307","F",1,"4","2","Mafoueté",0,0,0,0,0,0,0,0,0,0,0,0,0,31564.1086582054,0,13339.2020776609,0,0,0,0,0,60318.7114715386,0,0,0,0,0,0,0,0,0,0,0,0,0,0,0,0,0,0,0,0,0,0,0,0,0,0,0,0,0,0,0,0,0,0,0,0,0,0,0,0,34472.6100974573,0,0,0,0,0,0,0,0,0,33018.3593778313,60318.7114715386
"109","Keke","Adulte","M308","M",1,"2","0","Bangui",0,0,0,0,0,0,0,0,0,0,0,0,0,0,0,0,0,0,0,0,0,60318.7114715386,0,0,0,0,234837.753031167,0,0,0,0,0,40077.5884604152,0,0,0,0,0,0,0,0,0,0,0,0,159480.715769916,0,0,0,0,0,0,0,0,0,NA,0,0,0,0,0,0,0,0,0,0,0,0,0,0,0,0,109899.713620727,234837.753031167
"110","Keke","Adulte","M309","F",1,"2","0","Bangui",0,0,0,0,0,0,0,0,0,0,0,0,0,31564.1086582054,0,13339.2020776609,0,0,0,0,0,0,0,0,46458.2785981672,0,0,0,0,0,0,0,0,0,0,0,0,0,0,0,0,0,0,0,0,0,0,0,0,0,0,0,0,0,0,NA,0,0,0,0,0,0,0,0,0,0,0,0,0,0,0,0,31564.1086582054,46458.2785981672
"111","Ngomo","Personne âgée","M310","F",1,"4","4","Mboule",0,0,0,0,0,0,0,0,0,0,0,0,0,0,0,5041.43210744455,0,0,0,0,0,0,0,0,0,0,0,0,0,0,0,0,46096.5748835738,0,0,0,0,0,0,0,0,0,0,0,0,0,0,0,0,0,0,0,0,0,0,0,0,0,0,0,0,0,0,0,0,0,0,0,0,0,0,0,25569.0034955092,46096.5748835738
"112","Ngomo","Adulte","M311","F",1,"2","0","Mboule",0,0,0,0,0,0,0,0,0,0,0,0,0,0,0,5041.43210744455,0,0,0,0,0,52064.119141195,0,0,0,0,0,0,0,0,0,0,0,0,0,0,0,0,0,0,0,0,0,0,0,0,0,0,0,0,0,0,0,0,0,0,0,0,0,0,0,0,26068.9967613292,0,0,0,0,0,0,0,0,0,26068.9967613292,52064.119141195
"113","Ngomo","Adulte","M312","M",1,"6","10","Bangui",88179.8906789741,91874.0181963364,83510.5328226993,76528.8447892382,0,99688.8993501154,0,0,122353.405251305,0,0,0,0,38083.1812535356,0,5041.43210744455,0,0,0,0,22832.1102512414,52064.119141195,0,0,51849.5232117348,0,0,91263.8258713469,170259.947457264,0,0,0,46096.5748835738,0,0,0,0,130033.643748884,145915.782952147,0,0,0,0,0,0,160309.679299901,0,86054.034357731,86911.1477405199,0,0,0,0,0,0,NA,294224.696967563,0,0,0,0,0,0,0,0,0,0,0,0,0,0,0,87545.519209747,294224.696967563
"114","Ngomo","Adulte","M313","M",1,"0","1","Bangui",88179.8906789741,91874.0181963364,0,76528.8447892382,0,0,0,0,122353.405251305,0,0,86778.3910647977,0,38083.1812535356,0,5041.43210744455,0,148698.18202572,0,0,0,52064.119141195,0,0,51849.5232117348,0,0,0,0,0,0,0,0,0,0,0,0,0,0,0,0,0,0,0,0,160309.679299901,0,0,0,0,0,0,0,0,0,0,0,0,0,0,0,0,0,0,0,0,0,0,0,0,0,0,86778.3910647977,160309.679299901
"115","Ngomo","Adulte","M314","F",1,"1","1","Bangui",0,0,0,0,0,0,0,0,0,0,0,0,0,0,0,5041.43210744455,0,0,0,0,0,0,0,0,0,0,0,0,0,0,0,0,0,0,0,0,0,0,0,0,0,0,0,0,0,0,0,0,0,0,0,0,0,0,0,0,0,0,0,0,0,0,26068.9967613292,0,0,0,0,0,0,0,0,0,15555.2144343869,26068.9967613292
"116","Ngomo","Adolescent","M315","M",0,"","","Mboule",0,0,0,0,0,0,0,0,0,0,0,0,0,0,0,5041.43210744455,0,0,0,0,22832.1102512414,52064.119141195,0,0,0,0,0,0,0,0,0,0,46096.5748835738,0,0,0,0,0,0,0,0,0,0,0,0,160309.679299901,0,0,0,0,0,0,0,0,0,NA,0,0,0,0,0,0,0,0,0,0,0,0,0,0,0,0,46096.5748835738,160309.679299901
"117","Ngomo","Adolescent","M316","M",0,"","","Bangui",0,0,0,0,0,0,0,0,0,0,0,0,0,0,0,5041.43210744455,0,0,0,0,0,0,0,0,0,0,0,0,0,0,0,0,0,0,0,0,0,0,0,0,0,0,0,0,0,0,0,0,0,0,0,0,0,0,0,0,0,0,0,0,0,0,0,0,0,0,0,0,0,0,0,0,5041.43210744455,5041.43210744455
"118","Midiba","Adolescent","M317","M",0,"","","Bangui",0,0,0,0,0,0,0,0,119856.039088623,0,0,0,0,36567.8118145946,0,7724.90767664421,0,0,0,0,0,54392.8463292747,0,0,0,0,0,0,0,0,0,0,0,0,0,0,0,0,0,0,0,0,0,0,0,0,0,0,0,0,0,0,0,0,0,0,0,0,0,0,0,0,0,0,0,0,0,0,0,0,0,0,45480.3290719346,119856.039088623
"119","Bayamoto","Personne âgée","M318","M",1,"4","3","Bangui",89434.1305796405,92941.9257121939,84946.5807456398,78305.2548694023,0,0,0,0,122462.661620186,0,0,0,0,39774.7497277719,0,6461.95992336132,116892.587619515,0,0,0,22570.6280391502,0,0,0,53952.2338638525,0,0,0,0,0,0,0,44234.2609490367,0,0,0,0,0,0,0,0,0,0,0,0,0,0,0,0,0,0,0,0,0,0,0,0,0,0,0,0,0,0,0,0,0,0,0,0,0,0,0,78305.2548694023,122462.661620186
"120","Bayamoto","Personne âgée","M319","F",1,"3","3","Bangui",0,0,0,0,0,0,0,0,0,0,0,0,0,0,0,6461.95992336132,0,0,0,0,0,0,0,0,0,0,0,0,0,0,0,0,44234.2609490367,0,0,0,0,0,0,0,0,0,0,0,0,0,0,0,0,0,0,0,0,0,0,0,0,0,0,0,0,0,0,0,0,0,0,0,0,0,0,0,25348.110436199,44234.2609490367
"121","Bayamoto","Adulte","M321","F",1,"4","1","Bangui",0,0,0,0,0,0,0,0,0,0,0,0,0,0,0,6461.95992336132,0,0,0,0,0,0,0,0,0,0,0,0,0,0,0,0,0,0,0,0,0,0,0,0,0,0,0,0,0,0,0,0,0,0,0,0,0,0,0,NA,0,0,0,0,0,0,0,0,0,0,0,0,0,0,0,0,6461.95992336132,6461.95992336132
"122","Bayamoto","Adulte","M322","M",1,"3","1","Bangui",0,92941.9257121939,84946.5807456398,78305.2548694023,0,0,0,0,0,0,0,0,0,39774.7497277719,0,6461.95992336132,0,0,0,0,0,51604.8663201156,0,0,53952.2338638525,0,0,0,0,0,0,0,44234.2609490367,0,0,0,0,0,0,0,0,0,0,0,0,157431.834866536,0,0,0,0,0,0,0,0,0,NA,0,0,0,0,0,0,0,0,0,0,0,0,0,0,0,0,53952.2338638525,157431.834866536
"123","Bayamoto","Adulte","M323","M",0,"","","Bangui",0,0,0,0,0,0,0,0,0,0,0,0,0,0,0,6461.95992336132,0,0,0,0,0,0,0,0,0,0,0,0,0,0,0,0,0,0,0,0,0,0,0,0,0,0,0,0,0,157431.834866536,0,0,0,0,0,0,0,0,0,NA,0,0,0,0,0,0,0,0,0,0,0,0,0,0,0,0,81946.8973949489,157431.834866536
"124","Bayamoto","Adolescent","M324","M",1,"2","0","Bangui",0,0,0,0,0,0,0,0,0,0,0,0,0,0,0,6461.95992336132,0,0,0,0,0,51604.8663201156,0,0,0,0,0,0,0,0,0,0,0,0,0,0,0,0,0,0,0,0,0,0,0,157431.834866536,0,0,0,0,0,0,0,0,0,0,0,0,0,0,0,0,0,0,0,0,0,0,0,0,0,0,51604.8663201156,157431.834866536
"125","Bayamoto","Adolescent","M325","F",1,"1","0","Bangui",0,0,0,0,0,0,0,0,0,0,0,0,0,0,0,6461.95992336132,0,0,0,0,0,0,0,0,0,0,0,0,0,0,0,0,0,0,0,0,0,0,0,0,0,0,0,0,0,0,0,0,0,0,0,0,0,0,0,0,0,0,0,0,0,0,0,0,0,0,0,0,0,0,0,0,6461.95992336132,6461.95992336132
"126","Lango","Adulte","M326","F",1,"4","2","Macao",0,0,0,0,0,0,0,0,0,0,0,0,0,0,0,0,0,0,0,0,0,28829.4870227704,0,0,0,0,0,0,0,0,0,0,0,0,0,0,0,0,0,0,0,0,0,0,0,0,0,0,0,0,0,0,0,0,0,0,0,0,0,0,0,0,0,0,0,43349.6122946961,0,0,0,0,0,0,36089.5496587332,43349.6122946961
"127","Lango","Adulte","M327","M",1,"4","2","Zingo",0,0,0,0,0,0,0,0,0,0,0,0,0,0,0,0,0,0,0,0,0,0,0,0,0,0,0,0,0,0,0,0,0,0,0,0,0,0,0,0,0,0,0,0,0,0,0,0,0,0,0,0,0,0,0,0,0,0,0,0,0,0,0,0,0,0,0,0,0,0,0,0,NA,-Inf
"128","Lango","Personne âgée","M328","M",1,"7","9","Zingo",0,114655.158111725,105505.434485955,97417.3203065914,0,0,0,0,145592.668711489,109341.664510674,110124.050936623,96842.862710569,0,59801.8278980298,0,18778.5796982756,0,158022.390446233,0,0,0,28829.4870227704,0,0,71579.5609968212,794009.033914785,0,99704.6124501967,166366.939809149,260322.671935615,198816.434254773,0,64020.5543033411,0,0,0,0,118411.556825984,136393.068783339,0,0,0,0,0,0,161715.884130713,101694.932137391,99775.9618112957,0,0,141420.933881599,0,0,0,0,NA,0,0,0,0,0,0,0,0,0,0,0,0,0,0,106584.037570912,889588.584410154,109732.857723649,889588.584410154
"129","Lango","Adulte","M329","M",1,"4","2","Macao",0,0,0,0,0,0,0,0,0,0,0,0,0,0,0,0,0,0,0,0,0,28829.4870227704,0,0,0,0,0,0,0,0,0,0,0,0,0,0,0,118411.556825984,136393.068783339,0,0,0,0,0,0,0,0,0,0,0,0,0,0,0,0,NA,0,0,0,0,0,0,0,0,0,0,0,0,0,0,0,0,118411.556825984,136393.068783339
"130","Lango","Adulte","M330","M",1,"2","0","Macao",110608.731011495,114655.158111725,105505.434485955,97417.3203065914,0,0,0,0,0,0,0,0,0,59801.8278980298,0,18778.5796982756,0,0,0,0,0,28829.4870227704,0,0,71579.5609968212,0,0,0,0,0,0,0,0,0,0,0,0,0,0,0,0,0,0,0,0,0,0,0,0,0,0,0,0,0,0,0,0,0,0,0,0,2255.99783441459,0,0,0,0,0,0,0,0,0,0,71579.5609968212,114655.158111725
"131","Mbila_MA","Personne âgée","M331","M",1,"2","5","Bangui",0,0,0,0,0,0,0,0,0,0,0,0,0,0,0,18799.3652860422,0,0,0,0,0,28808.9602945663,0,0,0,0,0,0,0,0,0,0,0,0,0,0,0,0,0,0,0,0,0,0,0,0,0,0,0,0,0,0,0,0,0,0,0,0,0,0,0,0,0,0,0,0,55815.0201030496,0,0,0,0,0,28808.9602945663,55815.0201030496
"132","Banga","Adulte","M332","F",1,"5","3","Macao",0,0,0,0,0,0,0,0,0,0,0,0,0,0,0,103169.003798667,0,0,0,0,94191.6335303777,84658.9978145577,0,0,0,0,0,0,0,0,0,0,0,0,0,0,0,0,0,0,0,0,0,0,0,0,0,0,0,0,0,0,0,0,0,0,0,0,0,0,0,95507.4504320452,0,0,0,0,0,0,0,0,0,0,94849.5419812115,103169.003798667
"133","Banga","Adulte","M333","M",1,"5","3","Seke",166035.974034741,172648.0763253,158638.467124509,145842.278116602,0,0,0,0,215486.526093233,0,0,0,0,123971.148708894,0,103169.003798667,0,0,0,0,94191.6335303777,84658.9978145577,0,0,123460.639931065,0,0,0,0,0,0,0,0,0,0,0,0,0,206746.064598063,0,0,0,0,0,0,249231.163279127,0,0,0,0,0,0,0,0,0,NA,0,0,0,0,0,0,0,0,0,0,0,0,0,0,0,0,152240.372620556,249231.163279127
"134","Banga","Adulte","M334","M",1,"2","1","Bangui",166035.974034741,172648.0763253,158638.467124509,145842.278116602,0,0,0,0,215486.526093233,0,0,0,0,123971.148708894,0,103169.003798667,0,0,0,0,94191.6335303777,84658.9978145577,0,0,123460.639931065,0,0,0,0,0,0,0,0,0,0,0,0,0,0,0,0,0,0,0,0,0,0,0,0,0,0,0,0,0,0,0,0,0,0,0,0,0,0,0,0,0,0,0,0,0,0,0,134906.713412748,215486.526093233
"135","Banga","Adolescent","M335","M",0,"","","Seke",0,0,0,0,0,0,0,0,0,0,0,0,0,0,0,103169.003798667,0,0,0,0,94191.6335303777,84658.9978145577,0,0,0,0,0,0,0,0,0,0,0,0,0,0,0,0,0,0,0,0,0,0,0,0,0,0,0,0,0,0,0,0,0,NA,0,0,0,0,0,0,0,0,0,0,0,0,0,0,0,0,94191.6335303777,103169.003798667
"136","Ndobalikanbo","Adulte","M336","F",0,"","","Macao",0,0,0,0,0,0,0,0,0,0,0,0,0,0,0,0,0,0,0,0,0,31555.3469088322,0,0,0,0,0,0,0,0,0,0,0,0,0,0,0,0,0,0,0,0,0,0,0,0,0,0,0,0,0,0,0,0,0,0,0,0,0,0,0,0,0,0,0,0,0,0,0,0,0,0,31555.3469088322,31555.3469088322
"137","Ndobalikanbo","Adulte","M337","M",1,"0","0","Macao",0,111880.174593146,0,94525.897770448,0,0,0,0,0,0,0,0,0,56956.4543257764,0,16122.9787285725,0,0,0,0,0,31555.3469088322,0,0,68678.7115634849,0,0,0,0,0,0,0,0,0,0,0,0,120739.868652894,138547.578215709,0,0,0,0,0,0,162743.380978679,0,0,0,0,0,0,0,0,0,0,0,0,0,0,0,0,0,0,0,0,0,0,0,0,0,0,94525.897770448,162743.380978679
"138","Ndobalikanbo","Adulte","M338","M",1,"2","5","Macao",0,0,0,0,0,0,0,0,0,0,0,0,0,0,0,16122.9787285725,0,0,0,0,0,31555.3469088322,0,0,0,0,0,0,0,0,0,0,62638.1168698498,0,0,0,0,120739.868652894,0,0,0,0,0,0,0,162743.380978679,0,0,0,0,0,0,0,0,0,0,0,0,0,0,0,0,0,0,0,0,0,0,0,0,0,0,62638.1168698498,162743.380978679
"139","Ndobalikanbo","Adulte","M339","F",1,"2","4","Macao",0,0,0,0,0,0,0,0,0,0,0,0,0,0,0,0,0,0,0,0,0,31555.3469088322,0,0,0,0,0,0,0,0,0,0,0,0,0,0,0,0,0,0,0,0,0,0,0,0,0,0,0,0,0,0,0,0,0,0,0,0,0,0,0,0,5581.32648490276,0,0,0,0,0,0,0,0,0,18568.3366968675,31555.3469088322
"140","Macao_camp1","Adulte","M340","M",1,"2","0","Thanry",0,0,0,0,0,0,0,0,0,0,0,0,0,60243.0463344295,0,19137.792731905,0,0,0,0,0,28473.0443862932,0,0,0,0,0,0,0,0,0,0,63992.6421978869,0,0,0,0,0,0,0,0,0,0,0,0,161233.488169065,0,0,0,0,0,0,0,0,0,0,0,0,0,0,0,0,0,0,0,0,0,0,0,0,0,0,60243.0463344295,161233.488169065
"141","Macao_camp1","Adulte","M341","F",1,"2","6","Nzingou",0,0,0,0,0,0,0,0,0,0,0,0,0,0,0,19137.792731905,0,0,0,0,0,28473.0443862932,0,0,0,0,0,0,0,0,0,0,0,0,0,0,0,0,0,0,0,0,0,0,0,0,0,0,0,0,0,0,0,0,0,NA,0,0,0,0,0,0,0,0,0,0,0,57547.9792793679,0,0,0,0,28473.0443862932,57547.9792793679
"142","Macao_camp3","Adulte","M342","F",1,"1","1","Bangui",0,0,0,0,0,0,0,0,0,0,0,0,0,0,0,19711.1447616102,0,0,0,0,0,27896.0473511169,0,0,0,0,0,0,0,0,0,0,0,0,0,0,0,0,0,0,0,0,0,0,0,0,0,0,0,0,0,0,0,0,0,NA,0,0,0,0,0,0,0,0,0,0,0,0,0,0,0,0,23803.5960563636,27896.0473511169
"143","Macao_camp3","Adulte","M343","F",1,"2","2","Macao",0,0,0,0,0,0,0,0,0,0,0,0,0,0,0,19711.1447616102,0,0,0,0,0,27896.0473511169,0,0,0,0,0,0,0,0,0,0,0,0,0,0,0,0,0,0,0,0,0,0,0,0,0,0,0,0,0,0,0,0,0,NA,0,0,0,0,0,0,0,0,0,0,0,0,0,0,0,0,23803.5960563636,27896.0473511169
"144","Macao_camp3","Adulte","M344","M",1,"5","0","Bangui",0,0,0,0,0,0,0,0,0,0,0,0,0,0,0,19711.1447616102,0,0,0,0,0,27896.0473511169,0,0,0,0,0,0,0,0,0,0,0,0,0,0,0,117675.271945395,0,0,0,0,0,0,0,161443.968308824,0,0,0,0,0,0,0,0,0,NA,0,0,0,0,0,0,0,0,0,0,0,0,0,0,0,0,72785.6596482562,161443.968308824
"145","Macao_camp3","Adolescent","M345","M",1,"1","1","Macao",0,115608.888416923,106476.710065949,98395.1005800109,0,0,0,0,0,0,0,0,0,60772.4193512564,0,19711.1447616102,0,0,0,0,0,27896.0473511169,0,0,0,0,0,0,0,0,0,0,0,0,0,0,0,0,0,0,0,0,0,0,0,0,0,0,0,0,0,0,0,0,0,NA,0,0,0,0,0,0,0,0,0,0,0,0,0,0,0,0,79583.7599656336,115608.888416923
"146","Macao_camp5","Personne âgée","M346","M",1,"1","3","Macao",111502.741456237,115543.267758991,106402.699661502,98313.7257384544,0,0,0,0,146412.073880876,0,0,0,0,60698.840125615,0,19652.184419319,0,0,0,0,0,27954.4860068108,0,0,0,0,0,0,0,0,0,0,0,0,0,0,0,0,0,0,0,0,0,0,0,0,0,0,0,0,0,0,0,0,0,0,0,0,0,0,0,0,0,0,0,0,0,0,0,0,0,0,102358.212699978,146412.073880876
"147","Macao_camp5","Personne âgée","M347","F",1,"3","3","Djoube",0,0,0,0,0,0,0,0,0,0,0,0,0,0,0,0,0,0,0,0,0,27954.4860068108,0,0,0,0,0,0,0,0,0,0,0,0,0,0,0,0,0,0,0,0,0,0,0,0,0,0,0,0,0,0,0,0,0,0,0,0,0,0,0,0,0,0,0,0,0,57273.2711207911,0,0,0,0,42613.8785638009,57273.2711207911
"148","Macao_camp4","Adulte","M348","M",1,"2","0","",0,115624.109999907,0,0,0,0,0,0,0,0,0,97631.7101282409,0,0,0,19729.7931690179,0,158762.3583187,0,0,0,27877.0563641224,0,0,0,0,0,0,0,0,0,0,0,0,0,0,0,0,0,0,0,0,0,0,0,161488.022268551,0,0,0,0,0,0,0,0,0,NA,0,0,0,0,0,0,0,0,0,0,0,0,0,0,0,0,106627.910064074,161488.022268551
"149","Macao_camp6","Adulte","M349","F",1,"8","1","Macao",0,115094.58575077,0,0,0,0,0,0,0,0,0,0,0,0,0,19190.6214459116,0,0,0,0,0,28417.3136676547,0,0,0,0,0,0,0,0,0,0,0,0,0,0,0,0,0,0,0,0,0,0,0,0,0,0,0,0,0,0,0,0,0,0,0,0,0,0,0,0,0,0,0,0,0,0,0,0,0,0,28417.3136676547,115094.58575077
"150","Macao_camp1","Personne âgée","M350","F",1,"1","3","Zingo",0,0,0,0,0,0,0,0,0,0,0,0,0,0,0,0,0,0,0,0,0,28473.0443862932,0,0,0,0,0,0,0,0,0,0,0,0,0,0,0,0,0,0,0,0,0,0,0,0,0,0,0,0,0,0,0,0,0,NA,0,0,0,0,0,0,0,0,0,0,0,57547.9792793679,0,0,0,0,43010.5118328305,57547.9792793679
"151","Macao_camp7","Adulte","M351","F",1,"4","2","Macao",0,0,0,0,0,0,0,0,0,0,0,0,0,0,0,19103.1168398251,0,0,0,0,0,28507.1706957234,0,0,0,0,0,0,0,0,0,0,0,0,0,0,0,0,0,0,0,0,0,0,0,0,0,0,0,0,0,0,0,0,0,0,0,0,0,0,0,0,0,0,0,0,0,0,0,0,0,0,23805.1437677743,28507.1706957234
"152","Macao_camp7","Adulte","M352","M",1,"5","3","",110992.56826459,115015.70990495,105910.928629149,97862.1416375641,0,0,0,0,145820.91258624,0,0,97410.8227136468,0,60205.3643829328,0,19103.1168398251,0,0,77767.0266117185,0,0,28507.1706957234,0,0,72046.2925023103,0,255488.194937006,0,0,0,0,0,0,0,0,0,0,117843.082523734,135829.94600376,0,0,0,0,0,0,161253.857371428,0,0,0,0,0,0,0,0,0,NA,0,0,0,0,0,0,0,0,0,0,0,0,0,0,0,0,105910.928629149,255488.194937006
"153","Macao_camp6","Adulte","M353","F",1,"4","3","Pape_village",0,0,0,0,0,0,0,0,0,0,0,0,0,0,0,19190.6214459116,0,0,0,0,0,28417.3136676547,0,0,0,0,0,0,0,0,0,0,0,0,0,0,0,0,0,0,0,0,0,0,0,161372.437761434,0,0,0,0,0,0,0,0,0,NA,0,0,0,0,0,0,0,0,0,0,0,0,0,0,0,0,28417.3136676547,161372.437761434
"154","Macao_camp8","Adulte","M354","F",1,"6","4","Thanry",0,0,0,0,0,0,0,0,0,0,0,0,0,0,0,0,0,0,0,0,0,28575.2458818185,0,0,0,0,0,0,0,0,0,0,0,0,0,0,0,0,0,0,0,0,0,0,0,0,0,0,0,0,0,0,0,0,0,NA,0,0,0,0,0,0,0,0,0,0,0,0,0,0,0,0,28575.2458818185,28575.2458818185
"155","Macao_camp8","Adolescent","M355","M",0,"","","Pape",0,0,0,0,0,0,0,0,0,0,0,0,0,0,0,0,0,0,0,0,0,28575.2458818185,0,0,0,0,0,0,0,0,0,0,0,0,0,0,0,0,0,0,0,0,0,0,0,0,0,0,0,0,0,0,0,0,0,NA,0,0,0,0,0,0,0,0,0,0,0,0,0,0,0,0,28575.2458818185,28575.2458818185
"156","Macao_camp2","","M356","",0,"","","",0,0,0,0,0,0,0,0,0,0,0,0,0,0,0,0,0,0,0,0,0,0,0,0,0,0,0,0,0,0,0,0,0,0,0,0,0,0,0,0,0,0,0,0,0,0,0,0,0,0,0,0,0,0,0,0,0,0,0,0,0,0,0,0,0,0,0,0,0,0,0,0,NA,-Inf
"157","Macao_camp9","Adulte","M357","",1,"3","0","Macao",0,0,0,0,0,0,0,0,0,0,0,0,0,0,0,19102.5566154844,0,0,0,0,0,28506.7770502886,0,0,0,0,0,0,0,0,0,0,0,0,0,0,0,0,0,0,0,0,0,0,0,0,0,0,0,0,0,0,0,0,0,NA,0,0,0,0,0,0,0,0,0,0,0,0,0,0,0,0,23804.6668328865,28506.7770502886
"158","Macao_camp9","Adulte","M359","M",1,"3","2","Macao",0,0,0,0,0,0,0,0,0,0,0,0,0,0,0,19102.5566154844,0,0,0,0,0,28506.7770502886,0,0,0,0,0,0,0,0,0,0,0,0,0,0,0,118300.640981196,136311.918342205,0,0,0,0,0,0,161790.498088387,0,0,0,0,0,0,0,0,0,0,0,0,0,0,0,0,0,0,0,0,0,0,0,0,0,0,118300.640981196,161790.498088387
"159","Macao_camp10","Adulte","M360","F",1,"5","5","Macao",0,0,0,0,0,0,0,0,0,0,0,0,0,0,0,19824.0719872415,0,0,0,0,0,27783.0722781368,0,0,0,0,0,0,0,0,0,0,0,0,0,0,0,0,0,0,0,0,0,0,0,0,0,0,0,0,0,0,0,0,0,0,0,0,0,0,0,0,0,0,38515.9503622977,0,0,0,0,0,0,0,27783.0722781368,38515.9503622977
"160","Macao_camp4","Adolescent","M361","F",1,"2","0","Macao",0,0,0,0,0,0,0,0,0,0,0,0,0,0,0,0,0,0,0,0,0,27877.0563641224,0,0,0,0,0,0,0,0,0,0,0,0,0,0,0,0,0,0,0,0,0,0,0,0,0,0,0,0,0,0,0,0,0,0,0,0,0,0,0,0,0,0,0,0,0,0,33534.1429761364,0,0,0,30705.5996701294,33534.1429761364
"161","Pape_village","Adulte","M362","M",1,"0","0","Berandjokou",0,0,0,0,0,0,0,0,0,0,0,86026.7806383533,0,0,0,0,0,0,0,0,0,46777.5163593986,0,0,0,0,0,0,0,0,0,0,0,0,0,0,0,0,0,0,0,0,0,0,0,0,0,0,0,0,0,0,0,0,0,0,0,0,0,0,0,0,0,0,0,0,0,0,0,0,0,0,66402.1484988759,86026.7806383533
"162","Macao_camp10","Adulte","M363","M",1,"1","2","Macao",0,0,0,0,0,0,0,0,0,0,0,0,0,0,0,19824.0719872415,0,0,0,0,0,27783.0722781368,0,0,0,0,0,0,0,0,0,0,0,0,0,0,0,0,0,0,0,0,0,0,0,0,0,0,0,0,0,0,0,0,0,0,0,0,0,0,0,0,0,0,0,43328.2253242895,0,0,0,0,0,0,27783.0722781368,43328.2253242895
"163","Pape_village","Adolescent","M364","F",1,"0","0","Pape_village",0,0,0,0,0,0,0,0,0,0,0,0,0,0,0,0,0,0,0,0,17602.3146152677,46777.5163593986,0,0,0,0,0,0,0,0,0,0,0,0,0,0,0,0,0,0,0,0,0,0,0,0,0,0,0,0,0,0,0,0,0,NA,0,0,0,91965.1280754605,0,0,0,0,0,0,0,0,0,0,0,0,46777.5163593986,91965.1280754605
"164","Pape_village","Adolescent","M365","M",1,"0","0","Berandjokou",0,0,0,0,0,0,0,0,0,0,0,0,0,0,0,0,0,0,0,0,0,46777.5163593986,0,0,0,0,0,0,0,0,0,0,0,0,0,0,0,0,0,0,0,0,0,0,0,0,0,0,0,0,0,0,0,0,0,0,0,0,0,0,0,0,0,0,0,0,0,0,0,NA,0,0,46777.5163593986,46777.5163593986
"165","Pape_village","Adolescent","M366","F",1,"0","0","Pape_village",0,0,0,0,0,0,0,0,0,0,0,0,0,0,0,0,0,0,0,0,0,46777.5163593986,0,0,0,0,0,0,0,0,0,0,0,0,0,0,0,0,0,0,0,0,0,0,0,0,0,0,0,0,0,0,0,0,0,NA,0,0,0,91965.1280754605,0,0,0,0,0,0,0,0,0,0,0,0,69371.3222174296,91965.1280754605
"166","Pape_village","Personne âgée","M367","M",1,"3","5","Bangui-motaba",92723.5738509,96704.9518099453,87745.7550036022,80087.5016197211,0,0,0,0,128239.775692272,93402.7460858938,0,86026.7806383533,0,42057.3906002639,0,0,0,0,0,0,0,46777.5163593986,0,0,54708.686164112,0,0,0,0,0,0,0,52073.3069587631,0,0,0,0,0,0,0,0,0,0,0,0,0,0,0,0,0,129049.520639194,125081.971851951,0,0,0,0,0,0,0,0,0,0,0,0,0,0,0,0,0,0,0,0,87745.7550036022,129049.520639194
"167","Pape_village","Adulte","M368","M",1,"4","0","Pape_village",0,0,0,0,0,0,0,0,0,0,0,0,0,0,0,0,0,0,0,0,0,46777.5163593986,0,0,0,0,0,0,0,0,0,0,0,0,0,0,0,0,0,0,0,0,0,0,0,163282.229199421,0,0,0,0,0,0,0,0,0,NA,0,0,0,0,0,0,0,0,0,0,0,0,0,0,0,0,105029.87277941,163282.229199421
"168","Pape_village","Adolescent","M369","F",1,"4","0","",0,0,0,0,0,0,0,0,0,0,0,0,0,0,0,0,0,0,0,0,0,46777.5163593986,0,0,0,0,0,0,0,0,0,0,0,0,0,0,0,0,0,0,0,0,0,0,0,0,0,0,0,0,0,0,0,0,0,NA,0,0,0,91965.1280754605,0,0,0,0,0,0,0,0,0,0,0,0,69371.3222174296,91965.1280754605
"169","Pape_village","Adulte","M370","F",1,"4","0","",0,0,0,0,0,0,0,0,0,0,0,0,0,0,0,0,0,0,0,0,0,46777.5163593986,0,0,0,0,0,0,0,0,0,0,0,0,0,0,0,0,0,0,0,0,0,0,0,0,0,0,0,0,0,0,0,0,0,NA,0,0,0,0,0,16847.1317544866,0,0,0,0,0,0,0,0,0,0,31812.3240569426,46777.5163593986
"170","Pape_village","Personne âgée","M370","F",1,"1","4","Bangui",0,0,0,0,0,0,0,0,0,0,0,0,0,0,0,0,0,0,0,0,0,46777.5163593986,0,0,0,0,0,0,0,0,0,0,0,0,0,0,0,0,0,0,0,0,0,0,0,0,0,0,0,0,0,0,0,0,0,NA,0,0,0,0,0,16847.1317544866,0,0,0,0,0,0,0,0,0,0,31812.3240569426,46777.5163593986
"171","Pape_village","Personne âgée","M372","M",1,"4","1","Pape_village",0,96704.9518099453,87745.7550036022,80087.5016197211,0,0,0,0,0,0,0,0,0,0,0,0,0,0,0,0,0,46777.5163593986,0,0,0,0,0,0,0,0,0,0,0,0,0,0,0,129440.335290371,145979.731803506,0,0,0,0,0,0,163282.229199421,0,0,0,0,0,0,0,0,0,NA,0,0,0,0,0,0,0,0,0,0,0,0,0,0,0,0,96704.9518099453,163282.229199421
"172","Bayamoto","","M400","F",0,"","","Bangui",0,0,0,0,0,0,0,0,0,0,0,0,0,0,0,0,0,0,0,0,0,0,0,0,0,0,0,0,0,0,0,0,0,0,0,0,0,0,0,0,0,0,0,0,0,0,0,0,0,0,0,0,0,0,0,0,0,0,0,0,0,0,0,0,0,0,0,0,0,0,0,0,NA,-Inf
"173","Bete2","Adolescent","M375","",0,"","","Bangui",0,0,0,0,0,0,0,0,0,0,0,0,0,0,0,0,0,0,0,0,0,46378.5853212635,0,0,0,0,0,0,0,0,0,0,0,0,0,0,0,0,0,0,0,0,0,0,0,0,0,0,0,0,0,0,0,0,0,NA,0,0,0,91679.2167088814,0,0,0,0,0,0,0,0,0,0,0,0,69028.9010150724,91679.2167088814
"174","Bete1","Adulte","M374","M",1,"1","0","Bangui",0,0,0,0,0,0,0,0,0,0,0,0,0,0,0,0,0,0,0,0,0,46182.5040756221,0,0,0,0,0,0,0,0,0,0,0,0,0,0,0,0,0,0,0,0,0,0,0,0,0,0,0,0,0,0,0,0,0,NA,0,0,0,0,0,16181.2162004517,0,0,0,0,0,0,0,0,0,0,31181.8601380369,46182.5040756221
