"","Nom.du.campement","Old_person","Adulte","Enfant...Notez.si.la.personne.est.un.enfant.","MY.REFERENCE","Sexe","Lieu.de.naissance.coded","Tranche.d.age","V1","V2","V3","V4","V5","V6","V7","V8","V9","V10","V11","V12","V13","V14","V15","V16","V17","V18","V19","V20","V21","V22","V23","V24","V25","V26","V27","V28","V29","V30","V31","V32","V33","V34","V35","V36","V37","V38","V39","V40","V41","V42","V43","V44","V45","V46","V47","V48","V49","V50","V51","V52","V53","V54","V55","V56","V57","V58","V59","V60","V61","V62","V63","V64","V65","V66","V67","V68","V69","V70","V71","median","max","min","places_visited","total_fish"
"2","Makossa1",0,1,0,"MI10","M","Minganga","Adulte",17965.1632647885,0,0,0,0,0,0,0,0,0,0,0,0,0,0,0,0,0,0,0,0,0,0,0,0,0,0,0,0,0,0,0,0,0,0,0,0,0,0,0,0,0,0,0,0,0,0,0,0,0,0,0,0,0,0,0,0,0,0,0,0,0,0,0,0,0,0,0,0,0,0,17965.1632647885,17965.1632647885,17965.1632647885,23,1
"8","VMA",1,1,0,"MI105","F","Mbili","Personne âgée",0,0,0,0,0,0,0,0,0,0,0,0,0,0,0,0,0,0,0,0,0,0,0,0,0,0,0,0,0,0,0,0,0,0,0,0,0,0,0,0,0,0,0,0,0,0,0,0,0,0,0,0,0,0,0,0,0,0,0,0,0,0,0,0,16992.4332653818,0,0,0,0,0,0,16992.4332653818,16992.4332653818,16992.4332653818,5,1
"9","VMA",0,1,0,"MI106","F","Mossombo","Adulte",0,0,0,0,0,0,0,0,0,0,0,8977.81551371977,14723.2585856623,14779.5745511928,15161.8323621648,0,0,0,0,0,0,0,0,0,0,0,0,0,0,0,0,0,0,0,0,0,0,0,0,0,0,0,0,0,0,0,0,0,0,0,0,0,0,0,0,0,0,0,0,0,0,0,0,0,16992.4332653818,0,0,0,0,0,0,14779.5745511928,16992.4332653818,8977.81551371977,19,5
"10","Bokéya1",1,0,0,"MI107","M","Attention","Adolescent",0,0,0,0,0,0,0,0,0,0,0,0,0,0,0,0,0,0,0,0,0,0,0,0,0,0,0,0,0,0,0,0,0,0,0,0,0,0,0,0,0,0,0,0,0,0,0,0,0,0,0,0,0,0,0,0,0,0,0,0,0,0,0,0,17818.8668747982,0,0,0,0,0,0,17818.8668747982,17818.8668747982,17818.8668747982,16,1
"12","Bokéya1",0,1,0,"MI109","M","Attention","Adulte",0,0,0,0,0,0,0,0,0,0,9975.40314477158,11840.8383864408,15902.4603793189,15951.3023354086,16152.2522056469,0,0,0,0,0,0,0,0,0,0,0,0,0,0,0,0,0,0,0,0,0,0,0,0,0,0,0,0,0,0,0,0,0,0,0,0,0,0,0,0,0,0,0,0,0,0,0,0,0,0,0,0,0,0,0,0,15902.4603793189,16152.2522056469,9975.40314477158,19,5
"13","Makossa3",1,1,0,"MI11","F","Mossombo","Personne âgée",0,0,0,0,0,0,0,0,0,0,0,0,0,0,0,0,0,0,0,0,0,0,0,0,0,0,0,0,0,0,0,0,0,0,0,0,0,0,0,0,0,0,0,0,0,0,0,0,0,0,0,0,0,0,0,0,0,0,0,0,0,0,0,0,0,0,0,0,0,0,0,NA,-Inf,-Inf,16,0
"14","Bokéya1",0,1,0,"MI110","F","Toukoulaka","Adulte",0,0,0,0,0,0,0,0,0,0,9975.40314477158,0,0,0,0,0,0,0,0,0,0,0,0,0,0,0,0,0,0,0,0,0,0,0,0,0,0,0,0,0,0,0,0,0,0,0,0,0,0,0,0,0,0,0,0,0,0,0,0,0,0,0,0,0,17818.8668747982,0,0,0,0,0,0,13897.1350097849,17818.8668747982,9975.40314477158,18,2
"17","Bokéya1",0,1,0,"MI113","M","Attention","Adulte",0,0,0,0,0,0,0,0,0,0,9975.40314477158,11840.8383864408,15902.4603793189,0,0,0,0,0,0,0,0,0,0,0,0,0,0,0,0,0,0,0,0,0,0,0,0,0,0,0,0,0,0,0,0,0,0,0,0,0,0,0,0,0,0,0,0,0,0,0,0,0,0,0,17818.8668747982,0,0,0,0,0,0,13871.6493828798,17818.8668747982,9975.40314477158,19,4
"18","Moundouala1",0,1,0,"MI114","M","","Adulte",0,0,0,0,0,0,0,0,0,0,10937.2744591185,0,17965.1632647885,18016.0218425999,18249.0084055429,0,0,0,0,0,0,0,0,0,0,0,0,0,0,0,0,0,0,0,0,0,0,0,0,0,0,0,0,0,0,0,0,0,0,0,0,0,0,0,0,0,0,0,0,0,0,0,0,0,19962.8730411335,0,0,0,0,0,0,18016.0218425999,19962.8730411335,10937.2744591185,19,5
"19","Bokéya1",0,1,0,"MI115","F","Bène","Adulte",0,0,0,0,0,0,0,0,0,0,0,0,0,0,0,0,0,0,0,0,0,0,0,0,0,0,0,0,0,0,0,0,0,0,0,0,0,0,0,0,0,0,0,0,0,0,0,0,0,0,0,0,0,0,0,0,0,0,0,0,0,0,0,0,17818.8668747982,0,0,0,0,0,0,17818.8668747982,17818.8668747982,17818.8668747982,19,1
"20","Bokéya1",0,1,0,"MI116","F","Minganga","Adulte",0,0,0,0,0,0,0,0,0,0,9975.40314477158,11840.8383864408,15902.4603793189,15951.3023354086,16152.2522056469,0,0,0,0,0,0,0,0,0,0,0,0,0,0,0,0,0,0,0,0,0,0,0,0,0,0,0,0,0,0,0,0,0,0,0,0,0,0,0,0,0,0,0,0,0,0,0,0,0,17818.8668747982,0,0,0,0,0,0,15926.8813573637,17818.8668747982,9975.40314477158,18,6
"21","Moundouala1",0,1,0,"MI117","F","Toukoulaka","Adulte",0,0,0,0,0,0,0,0,0,0,0,0,17965.1632647885,18016.0218425999,18249.0084055429,0,0,0,0,0,0,0,0,0,0,0,0,0,0,0,0,0,0,0,0,0,0,0,0,0,0,0,0,0,0,0,0,0,0,0,0,0,0,0,0,0,0,0,0,0,0,0,0,0,19962.8730411335,0,0,0,0,0,0,18132.5151240714,19962.8730411335,17965.1632647885,18,4
"24","Makossa3",1,1,0,"MI12","F","Mossombo","Personne âgée",0,0,0,0,0,0,0,0,0,0,0,0,0,0,0,0,0,0,0,0,0,0,0,0,0,0,0,0,0,0,0,0,0,0,0,0,0,0,0,0,0,0,0,0,0,0,0,0,0,0,0,0,0,0,0,0,0,0,0,0,0,0,0,0,0,0,0,0,0,0,0,NA,-Inf,-Inf,19,0
"27","Ndémiko",0,1,0,"MI122","F","Toukoulaka","Adulte",0,0,0,0,0,0,0,0,0,0,0,0,14767.9270951954,14816.6461861055,15016.1899778387,0,0,0,0,0,0,0,0,0,0,0,0,0,0,0,0,0,0,0,0,0,0,0,0,0,0,0,0,0,0,0,0,0,0,0,0,0,0,0,0,0,0,0,0,0,0,0,0,0,16682.4570713522,0,0,0,0,0,0,14916.4180819721,16682.4570713522,14767.9270951954,19,4
"28","Ndémiko",0,1,0,"MI123","M","Minganga","Adulte",0,0,0,0,0,0,0,0,0,0,0,0,14767.9270951954,14816.6461861055,15016.1899778387,0,0,0,0,0,0,0,0,0,0,0,0,0,0,0,0,0,0,0,0,0,0,0,0,0,0,0,0,0,0,0,0,0,0,0,0,0,0,0,0,0,0,0,0,0,0,0,0,0,16682.4570713522,0,0,0,0,0,0,14916.4180819721,16682.4570713522,14767.9270951954,27,4
"30","Ndémiko",0,1,0,"MI125","M","Attention","Adulte",0,0,0,0,0,0,0,0,0,0,0,0,0,0,0,0,0,0,0,0,0,0,0,0,0,0,0,0,0,0,0,0,0,0,0,0,0,0,0,0,0,0,0,0,0,0,0,0,0,0,0,0,0,0,0,0,0,0,0,0,0,0,0,0,16682.4570713522,0,0,0,0,0,0,16682.4570713522,16682.4570713522,16682.4570713522,19,1
"31","Ndémiko",0,0,0,"MI126","M","Attention","Adolescent",0,0,0,0,0,0,0,7283.85752063297,0,0,9159.38481959133,10788.7283652747,14767.9270951954,14816.6461861055,15016.1899778387,0,0,0,0,0,0,0,0,0,0,0,0,0,0,0,0,0,0,0,0,0,0,0,0,0,0,0,0,0,0,0,0,0,0,0,0,0,0,0,0,0,0,0,0,0,0,0,0,0,16682.4570713522,0,0,0,0,0,0,14767.9270951954,16682.4570713522,7283.85752063297,19,7
"32","Epopé",0,1,0,"MI127","M","Attention","Adulte",0,0,0,0,0,0,0,0,0,0,0,0,0,0,0,0,0,0,0,0,0,0,0,0,0,0,0,0,0,0,0,0,0,0,0,0,0,0,0,0,0,0,0,0,0,0,0,0,0,0,0,0,0,0,0,0,0,0,0,0,0,0,0,0,19647.3839041298,0,0,0,0,0,0,19647.3839041298,19647.3839041298,19647.3839041298,20,1
"33","Ndémiko",0,1,0,"MI128","F","Attention","Adulte",0,0,0,0,0,0,0,0,0,0,0,0,0,0,0,0,0,0,0,0,0,0,0,0,0,0,0,0,0,0,0,0,0,0,0,0,0,0,0,0,0,0,0,0,0,0,0,0,0,0,0,0,0,0,0,0,0,0,0,0,0,0,0,0,16682.4570713522,0,0,0,0,0,0,16682.4570713522,16682.4570713522,16682.4570713522,19,1
"34","Ndémiko",0,1,0,"MI129","F","Bène","Adulte",0,0,0,0,0,0,0,0,0,0,0,0,0,0,0,0,0,0,0,0,0,0,0,0,0,0,0,0,0,0,0,0,0,0,0,0,0,0,0,0,0,0,0,0,0,0,0,0,0,0,0,0,0,0,0,0,0,0,0,0,0,0,0,0,16682.4570713522,0,0,0,0,0,0,16682.4570713522,16682.4570713522,16682.4570713522,18,1
"35","Makossa1",0,1,0,"MI13","F","Minganga","Adulte",0,0,0,0,0,0,0,0,0,0,0,0,0,0,0,0,0,0,0,0,0,0,0,0,0,0,0,0,0,0,0,0,0,0,0,0,0,0,0,0,0,0,0,0,0,0,0,0,0,0,0,0,0,0,0,0,0,0,0,0,0,0,0,0,0,0,0,0,0,0,0,NA,-Inf,-Inf,12,0
"39","Epopé",0,1,0,"MI133","F","Minganga","Adulte",0,0,0,0,0,0,0,0,0,0,0,0,0,0,0,0,0,0,0,0,0,0,0,0,0,0,0,0,0,0,0,0,0,0,0,0,0,0,0,0,0,0,0,0,0,0,0,0,0,0,0,0,0,0,0,0,0,0,0,0,0,0,0,0,19647.3839041298,0,0,0,0,0,0,19647.3839041298,19647.3839041298,19647.3839041298,22,1
"41","Mbaya",0,0,0,"MI15","F","Mbili","Adolescent",0,0,0,0,0,0,0,0,0,0,0,0,0,0,0,0,0,0,0,0,0,0,0,0,0,0,0,0,0,0,0,0,0,0,0,0,0,0,0,0,0,0,0,0,0,0,0,0,0,0,0,0,0,0,0,0,0,0,0,0,0,0,0,0,0,0,0,0,0,0,0,NA,-Inf,-Inf,13,0
"43","Mbaya",1,1,0,"MI17","M","Mossombo","Personne âgée",0,0,0,0,0,0,0,0,0,0,0,0,5885.9973622766,5941.77161417767,6369.20790186196,0,0,0,0,0,0,0,0,0,0,0,0,0,0,0,0,0,0,0,0,0,0,0,0,0,0,0,0,0,0,0,0,0,0,0,0,0,0,0,0,0,0,0,0,0,0,0,0,0,8166.58045220154,0,0,0,0,0,0,6155.48975801982,8166.58045220154,5885.9973622766,27,4
"44","Mbaya",0,1,0,"MI18","F","Mbili","Adulte",0,0,0,0,0,0,13090.9381926525,0,0,0,0,0,0,0,0,0,0,0,0,0,0,0,0,0,0,0,0,0,0,0,0,0,0,0,0,0,0,0,0,0,0,0,0,0,0,0,0,0,0,0,0,0,0,0,0,0,0,0,0,0,0,0,0,0,8166.58045220154,0,0,0,0,0,0,10628.759322427,13090.9381926525,8166.58045220154,19,2
"45","VMA",0,0,0,"MI19","M","Minganga","Adolescent",0,0,0,0,0,0,0,0,0,0,0,0,0,0,0,0,0,0,0,0,0,0,0,0,0,0,0,0,0,0,0,0,0,0,0,0,0,0,0,0,0,0,0,0,0,0,0,0,0,0,0,0,0,0,0,0,0,0,0,0,0,0,0,0,0,0,0,0,0,0,0,NA,-Inf,-Inf,18,0
"47","Mbaya",0,0,0,"MI20","F","Mbaya","Adolescent",0,0,0,0,0,0,0,0,0,0,0,0,0,0,0,0,0,0,0,0,0,0,0,0,0,0,0,0,0,0,0,0,0,0,0,0,0,0,0,0,0,0,0,0,0,0,0,0,0,0,0,0,0,0,0,0,0,0,0,0,0,0,0,0,8166.58045220154,0,0,0,0,0,0,8166.58045220154,8166.58045220154,8166.58045220154,11,1
"48","Mbaya",1,1,0,"MI21","F","Mossombo","Personne âgée",0,0,0,0,0,0,0,0,0,0,0,0,5885.9973622766,5941.77161417767,6369.20790186196,0,0,0,0,0,0,0,0,0,0,0,0,0,0,0,0,0,0,0,0,0,0,0,0,0,0,0,0,0,0,0,0,0,0,0,0,0,0,0,0,0,0,0,0,0,0,0,0,0,8166.58045220154,0,0,0,0,0,0,6155.48975801982,8166.58045220154,5885.9973622766,17,4
"49","Mbaya",0,1,0,"MI22","M","Minganga","Adulte",0,0,0,0,0,0,0,0,0,0,0,0,0,0,0,0,0,0,0,0,0,0,0,0,0,0,0,0,0,0,0,0,0,0,0,0,0,0,0,0,0,0,0,0,0,0,0,0,0,0,0,0,0,0,0,0,0,0,0,0,0,0,0,0,8166.58045220154,0,0,0,0,0,0,8166.58045220154,8166.58045220154,8166.58045220154,20,1
"52","VMA",1,1,0,"MI25","M","Minganga","Personne âgée",0,0,0,0,0,0,7095.06219146973,0,0,0,0,0,0,0,0,0,0,0,0,0,0,0,0,0,0,0,0,0,0,0,0,0,0,0,0,0,0,0,0,0,0,0,0,0,0,0,0,0,0,0,0,0,0,0,0,0,0,0,0,0,0,0,0,0,16992.4332653818,0,0,0,0,0,0,12043.7477284257,16992.4332653818,7095.06219146973,14,2
"53","VMA",1,1,0,"MI26","F","Minganga","Personne âgée",0,0,0,0,0,0,0,0,0,0,0,0,14723.2585856623,14779.5745511928,15161.8323621648,0,0,0,0,0,0,0,0,0,0,0,0,0,0,0,0,0,0,0,0,0,0,0,0,0,0,0,0,0,0,0,0,0,0,0,0,0,0,0,0,0,0,0,0,0,0,0,0,0,0,0,0,0,0,0,0,14779.5745511928,15161.8323621648,14723.2585856623,12,3
"54","Bylikombo2",0,0,0,"MI27","F","Minganga","Adolescent",0,0,0,0,0,0,0,0,0,0,0,0,0,0,0,0,0,0,0,0,0,0,0,0,0,0,0,0,0,0,0,0,0,0,0,0,0,0,0,0,0,0,0,0,0,0,0,0,0,0,0,0,0,0,0,0,0,0,0,0,0,0,0,0,0,0,0,0,0,0,0,NA,-Inf,-Inf,0,0
"55","Bylikombo2",1,1,0,"MI28","F","Minganga","Personne âgée",0,0,0,0,0,0,0,0,0,0,0,0,0,0,0,0,0,0,0,0,0,0,0,0,0,0,0,0,0,0,0,0,0,0,0,0,0,0,0,0,0,0,0,0,0,0,0,0,0,0,0,0,0,0,0,0,0,0,0,0,0,0,0,0,0,0,0,0,0,0,0,NA,-Inf,-Inf,14,0
"56","Bylikombo2",0,1,0,"MI29","M","Minganga","Adulte",0,0,0,0,0,0,0,0,0,0,0,0,0,0,0,0,0,0,0,0,0,0,0,0,0,0,0,0,0,0,0,0,0,0,0,0,0,0,0,0,0,0,0,0,0,0,0,0,0,0,0,0,0,0,0,0,0,0,0,0,0,0,0,0,13563.5585566147,0,0,0,0,0,0,13563.5585566147,13563.5585566147,13563.5585566147,14,1
"57","Makossa3",0,0,0,"MI3","F","","Adolescent",0,0,0,0,0,0,0,0,0,0,0,0,0,0,0,0,0,0,0,0,0,0,0,0,0,0,0,0,0,0,0,0,0,0,0,0,0,0,0,0,0,0,0,0,0,0,0,0,0,0,0,0,0,0,0,0,0,0,0,0,0,0,0,0,0,0,0,0,0,0,0,NA,-Inf,-Inf,0,0
"58","Avocat",0,0,0,"MI30","M","Toukoulaka","Adolescent",0,0,0,0,0,0,0,0,0,0,0,0,0,0,0,0,0,0,0,0,0,0,0,0,0,0,0,0,0,0,0,0,0,0,0,0,0,0,0,0,0,0,0,0,0,0,0,0,0,0,0,0,0,0,0,0,0,0,0,0,0,0,0,0,0,0,0,0,0,0,0,NA,-Inf,-Inf,21,0
"59","Epopé",1,1,0,"MI31","F","Toukoulaka","Personne âgée",0,0,0,0,0,3250.392007215,0,0,0,0,0,0,0,0,0,0,0,0,0,0,0,0,0,0,0,0,0,0,0,0,0,0,0,0,0,0,0,0,0,0,0,0,0,0,0,0,0,0,0,0,0,0,0,0,0,0,0,0,0,0,0,0,0,0,0,0,0,0,0,0,0,3250.392007215,3250.392007215,3250.392007215,19,1
"60","Avocat",0,0,0,"MI32","M","Attention","Adolescent",0,0,0,0,0,0,0,0,0,0,0,0,0,0,0,0,0,0,0,0,0,0,0,0,0,0,0,0,0,0,0,0,0,0,0,0,0,0,0,0,0,0,0,0,0,0,0,0,0,0,0,0,0,0,0,0,0,0,0,0,0,0,0,0,0,0,0,0,0,0,0,NA,-Inf,-Inf,6,0
"61","Avocat",0,0,0,"MI34","M","Toukoulaka","Adolescent",0,0,0,0,0,0,0,0,0,0,0,0,0,0,0,0,0,0,0,0,0,0,0,0,0,0,0,0,0,0,0,0,0,0,0,0,0,0,0,0,0,0,0,0,0,0,0,0,0,0,0,0,0,0,0,0,0,0,0,0,0,0,0,0,0,0,0,0,0,0,0,NA,-Inf,-Inf,22,0
"65","Avocat",0,1,0,"MI38","F","Attention","Adulte",0,0,0,0,0,0,3106.05657661027,0,0,0,0,0,0,0,0,0,0,0,0,0,0,0,0,0,0,0,0,0,0,0,0,0,0,0,0,0,0,0,0,0,0,0,0,0,0,0,0,0,0,0,0,0,0,0,0,0,0,0,0,0,0,0,0,0,16841.5392411834,0,0,0,0,0,0,9973.79790889685,16841.5392411834,3106.05657661027,21,2
"66","Avocat",0,1,0,"MI39","M","Attention","Adulte",0,0,0,0,0,0,3106.05657661027,7307.86802039352,0,0,0,0,0,0,0,0,0,0,0,0,0,0,0,0,0,0,0,0,0,0,0,0,0,0,0,0,0,0,0,0,0,0,0,0,0,0,0,0,0,0,0,0,0,0,0,0,0,0,0,0,0,0,0,0,16841.5392411834,0,0,0,0,0,0,7307.86802039352,16841.5392411834,3106.05657661027,21,3
"69","Avocat",1,1,0,"MI41","M","Minganga","Personne âgée",0,0,0,0,0,0,3106.05657661027,0,0,0,0,0,0,0,0,0,0,0,0,0,0,0,0,0,0,0,0,0,0,0,0,0,0,0,0,0,0,0,0,0,0,0,0,0,0,0,0,0,0,0,0,0,0,0,0,0,0,0,0,0,0,0,0,0,16841.5392411834,0,0,0,0,0,0,9973.79790889685,16841.5392411834,3106.05657661027,25,2
"70","Avocat",0,0,0,"MI42","F","Attention","Adolescent",0,0,0,0,0,0,0,0,0,0,0,0,0,0,0,0,0,0,0,0,0,0,0,0,0,0,0,0,0,0,0,0,0,0,0,0,0,0,0,0,0,0,0,0,0,0,0,0,0,0,0,0,0,0,0,0,0,0,0,0,0,0,0,0,0,0,0,0,0,0,0,NA,-Inf,-Inf,0,0
"71","Avocat",0,1,0,"MI43","F","Attention","Adulte",0,0,0,0,0,0,0,0,0,0,0,0,0,0,0,0,0,0,0,0,0,0,0,0,0,0,0,0,0,0,0,0,0,0,0,0,0,0,0,0,0,0,0,0,0,0,0,0,0,0,0,0,0,0,0,0,0,0,0,0,0,0,0,0,0,0,0,0,0,0,0,NA,-Inf,-Inf,19,0
"72","Avocat",1,1,0,"MI44","F","Bène","Personne âgée",0,0,0,0,0,0,3106.05657661027,0,0,0,0,0,0,0,0,0,0,0,0,0,0,0,0,0,0,0,0,0,0,0,0,0,0,0,0,0,0,0,0,0,0,0,0,0,0,0,0,0,0,0,0,0,0,0,0,0,0,0,0,0,0,0,0,0,16841.5392411834,0,0,0,0,0,0,9973.79790889685,16841.5392411834,3106.05657661027,21,2
"73","Avocat",0,1,0,"MI45","M","Attention","Adulte",0,0,0,0,0,0,0,7307.86802039352,0,0,0,0,0,14974.8245812683,0,0,0,0,0,0,0,0,0,0,0,0,0,0,0,0,0,0,0,0,0,0,0,0,0,0,0,0,0,0,0,0,0,0,0,0,0,0,0,0,0,0,0,0,0,0,0,0,0,0,16841.5392411834,0,0,0,0,0,0,14974.8245812683,16841.5392411834,7307.86802039352,21,3
"75","Moundouala2",0,0,0,"MI47","M","Attention","Adolescent",0,0,0,0,0,3307.93809291307,445.36574490207,0,0,0,0,0,0,0,0,0,0,0,0,0,0,0,0,0,0,0,0,0,0,0,0,0,0,0,0,0,0,0,0,0,0,0,0,0,0,0,0,0,0,0,0,0,0,0,0,0,0,0,0,0,0,0,0,0,19844.68987725,0,0,0,0,0,0,3307.93809291307,19844.68987725,445.36574490207,21,3
"76","Moundouala2",0,0,0,"MI48","F","Attention","Adolescent",0,0,0,0,0,0,445.36574490207,0,0,0,0,0,0,0,0,0,0,0,0,0,0,0,0,0,0,0,0,0,0,0,0,0,0,0,0,0,0,0,0,0,0,0,0,0,0,0,0,0,0,0,0,0,0,0,0,0,0,0,0,0,0,0,0,0,0,0,0,0,0,0,0,445.36574490207,445.36574490207,445.36574490207,19,1
"77","Moundouala2",0,0,0,"MI49","F","Attention","Adolescent",0,0,0,0,0,0,0,0,0,0,0,0,0,0,0,0,0,0,0,0,0,0,0,0,0,0,0,0,0,0,0,0,0,0,0,0,0,0,0,0,0,0,0,0,0,0,0,0,0,0,0,0,0,0,0,0,0,0,0,0,0,0,0,0,0,0,0,0,0,0,0,NA,-Inf,-Inf,1,0
"79","Moundouala2",0,1,0,"MI50","M","Attention","Adulte",0,0,0,0,0,0,0,0,0,0,0,0,0,0,0,0,0,0,0,0,0,0,0,0,0,0,0,0,0,0,0,0,0,0,0,0,0,0,0,0,0,0,0,0,0,0,0,0,0,0,0,0,0,0,0,0,0,0,0,0,0,0,0,0,0,0,0,0,0,0,0,NA,-Inf,-Inf,19,0
"82","Moundouala2",0,1,0,"MI53","F","","Adulte",0,0,0,0,0,0,0,0,0,0,0,0,0,0,0,0,0,0,0,0,0,0,0,0,0,0,0,0,0,0,0,0,0,0,0,0,0,0,0,0,0,0,0,0,0,0,0,0,0,0,0,0,0,0,0,0,0,0,0,0,0,0,0,0,0,0,0,0,0,0,0,NA,-Inf,-Inf,23,0
"84","Bokéya2",0,1,0,"MI55","M","Attention","Adulte",0,0,0,0,0,0,0,0,0,0,0,0,0,0,0,0,0,0,0,0,0,0,0,0,0,0,0,0,0,0,0,0,0,0,0,0,0,0,0,0,0,0,0,0,0,0,0,0,0,0,0,0,0,0,0,0,0,0,0,0,0,0,0,0,0,0,0,0,0,0,0,NA,-Inf,-Inf,21,0
"86","Bokéya2",1,1,0,"MI57","F","Minganga","Personne âgée",0,0,0,0,0,0,0,0,0,0,0,0,0,0,0,0,0,0,0,0,0,0,0,0,0,0,0,0,0,0,0,0,0,0,0,0,0,0,0,0,0,0,0,0,0,0,0,0,0,0,0,0,0,0,0,0,0,0,0,0,0,0,0,0,0,0,0,0,0,0,0,NA,-Inf,-Inf,17,0
"87","Bokéya2",1,1,0,"MI58","M","","Personne âgée",0,0,0,0,0,0,0,0,0,0,0,0,0,0,0,0,0,0,0,0,0,0,0,0,0,0,0,0,0,0,0,0,0,0,0,0,0,0,0,0,0,0,0,0,0,0,0,0,0,0,0,0,0,0,0,0,0,0,0,0,0,0,0,0,0,0,0,0,0,0,0,NA,-Inf,-Inf,13,0
"89","Makossa3",0,1,0,"MI6","F","Mbili","Adulte",0,0,0,0,0,0,0,0,0,0,0,0,0,0,0,0,0,0,0,0,0,0,0,0,0,0,0,0,0,0,0,0,0,0,0,0,0,0,0,0,0,0,0,0,0,0,0,0,0,0,0,0,0,0,0,0,0,0,0,0,0,0,0,0,0,0,0,0,0,0,0,NA,-Inf,-Inf,14,0
"92","Bokéya2",0,1,0,"MI62","F","Attention","Adulte",0,0,0,0,605.547015292035,764.46397749897,0,0,0,0,0,0,0,0,0,0,0,0,0,0,0,0,0,0,0,0,0,0,0,0,0,0,0,0,0,0,0,0,0,0,0,0,0,0,0,0,0,0,0,0,0,0,0,0,0,0,0,0,0,0,0,0,0,0,17446.8304434043,0,0,0,0,0,0,764.46397749897,17446.8304434043,605.547015292035,21,3
"93","Epopé",0,1,0,"MI63","M","Attention","Adulte",0,0,0,0,0,0,0,0,0,0,0,0,0,0,0,0,0,0,0,0,0,0,0,0,0,0,0,0,0,0,0,0,0,0,0,0,0,0,0,0,0,0,0,0,0,0,0,0,0,0,0,0,0,0,0,0,0,0,0,0,0,0,0,0,0,0,0,0,0,0,0,NA,-Inf,-Inf,19,0
"97","Epopé",0,1,0,"MI67","F","Toukoulaka","Adulte",0,0,0,0,0,0,0,0,0,0,10534.0639963311,0,17635.4950172576,17686.6681124203,17925.2081375192,0,0,0,0,0,0,0,0,0,0,0,0,0,0,0,0,0,0,0,0,0,0,0,0,0,0,0,0,0,0,0,0,0,0,0,0,0,0,0,0,0,0,0,0,0,0,0,0,0,0,0,0,0,0,0,0,17661.081564839,17925.2081375192,10534.0639963311,23,4
"98","Makossa2",0,1,0,"MI68","F","Minganga","Adulte",0,0,0,0,0,14816.6461861055,0,0,0,0,0,0,0,0,0,0,0,0,0,0,0,0,0,0,0,0,0,0,0,0,0,0,0,0,0,0,0,0,0,0,0,0,0,0,0,0,0,0,0,0,0,0,0,0,0,0,0,0,0,0,0,0,0,0,0,0,0,0,0,0,0,14816.6461861055,14816.6461861055,14816.6461861055,14,1
"100","Makossa3",1,1,0,"MI7","M","Mossombo","Personne âgée",0,0,0,0,0,0,0,0,0,0,0,0,0,0,0,0,0,0,0,0,0,0,0,0,0,0,0,0,0,0,0,0,0,0,0,0,0,0,0,0,0,0,0,0,0,0,0,0,0,0,0,0,0,0,0,0,0,0,0,0,0,0,0,0,0,0,0,0,0,0,0,NA,-Inf,-Inf,14,0
"101","Makossa2",0,1,0,"MI70","M","Mbili","Adulte",0,0,0,0,0,0,17686.6681124203,0,0,0,0,0,0,0,0,0,0,0,0,0,0,0,0,0,0,0,0,0,0,0,0,0,0,0,0,0,0,0,0,0,0,0,0,0,0,0,0,0,0,0,0,0,0,0,0,0,0,0,0,0,0,0,0,0,2226.74474036455,0,0,0,0,0,0,9956.70642639244,17686.6681124203,2226.74474036455,19,2
"102","Makossa2",0,1,0,"MI71","F","Mbili","Adulte",18016.0218425999,17906.5574374995,0,0,0,0,0,0,0,0,0,0,0,0,0,0,0,0,0,0,0,0,0,0,0,0,0,0,0,0,0,0,0,0,0,0,0,0,0,0,0,0,0,0,0,0,0,0,0,0,0,0,0,0,0,0,0,0,0,0,0,0,0,0,0,0,0,0,0,0,0,17961.2896400497,18016.0218425999,17906.5574374995,19,2
"107","Makossa3",0,1,0,"MI76","M","Mossombo","Adulte",0,0,0,0,0,0,0,0,0,0,0,0,0,0,0,0,0,0,0,0,0,0,0,0,0,0,0,0,0,0,0,0,0,0,0,0,0,0,0,0,0,0,0,0,0,0,0,0,0,0,0,0,0,0,0,0,0,0,0,0,0,0,0,0,0,0,0,0,0,0,0,NA,-Inf,-Inf,13,0
"108","Makossa3",0,1,0,"MI77","F","Mbili","Adulte",0,0,0,0,0,0,0,0,0,0,0,0,0,0,0,0,0,0,0,0,0,0,0,0,0,0,0,0,0,0,0,0,0,0,0,0,0,0,0,0,0,0,0,0,0,0,0,0,0,0,0,0,0,0,0,0,0,0,0,0,0,0,0,0,0,0,0,0,0,0,0,NA,-Inf,-Inf,13,0
"109","Makossa3",0,1,0,"MI78","F","Mossombo","Adulte",0,0,0,0,0,0,0,0,0,0,0,0,0,0,0,0,0,0,0,0,0,0,0,0,0,0,0,0,0,0,0,0,0,0,0,0,0,0,0,0,0,0,0,0,0,0,0,0,0,0,0,0,0,0,0,0,0,0,0,0,0,0,0,0,0,0,0,0,0,0,0,NA,-Inf,-Inf,13,0
"111","Makossa3",0,1,0,"MI8","F","Mossombo","Adulte",0,0,0,0,0,0,0,0,0,0,0,0,0,0,0,0,0,0,0,0,0,0,0,0,0,0,0,0,0,0,0,0,0,0,0,0,0,0,0,0,0,0,0,0,0,0,0,0,0,0,0,0,0,0,0,0,0,0,0,0,0,0,0,0,0,0,0,0,0,0,0,NA,-Inf,-Inf,10,0
"113","Makossa3",0,0,0,"MI81","M","Mossombo","Adolescent",0,0,0,0,0,0,0,0,0,0,0,0,0,0,0,0,0,0,0,0,0,0,0,0,0,0,0,0,0,0,0,0,0,0,0,0,0,0,0,0,0,0,0,0,0,0,0,0,0,0,0,0,0,0,0,0,0,0,0,0,0,0,0,0,0,0,0,0,0,0,0,NA,-Inf,-Inf,12,0
"118","Mbaya",0,1,0,"MI86","F","","Adulte",0,0,0,0,0,0,0,0,0,0,0,0,0,0,0,0,0,0,0,0,0,0,0,0,0,0,0,0,0,0,0,0,0,0,0,0,0,0,0,0,0,0,0,0,0,0,0,0,0,0,0,0,0,0,0,0,0,0,0,0,0,0,0,0,8166.58045220154,0,0,0,0,0,0,8166.58045220154,8166.58045220154,8166.58045220154,16,1
"120","Mbaya",0,1,0,"MI88","M","Minganga","Adulte",0,0,0,0,0,0,0,0,0,0,0,0,0,0,0,0,0,0,0,0,0,0,0,0,0,0,0,0,0,0,0,0,0,0,0,0,0,0,0,0,0,0,0,0,0,0,0,0,0,0,0,0,0,0,0,0,0,0,0,0,0,0,0,0,0,0,0,0,0,0,0,NA,-Inf,-Inf,21,0
"123","Mbaya",0,1,0,"MI90","M","Mossombo","Adulte",0,0,0,0,0,0,0,0,0,0,0,0,0,0,0,0,0,0,0,0,0,0,0,0,0,0,0,0,0,0,0,0,0,0,0,0,0,0,0,0,0,0,0,0,0,0,0,0,0,0,0,0,0,0,0,0,0,0,0,0,0,0,0,0,8166.58045220154,0,0,0,0,0,0,8166.58045220154,8166.58045220154,8166.58045220154,12,1
"125","Mbaya",0,1,0,"MI92","F","Minganga","Adulte",0,0,0,0,0,0,0,0,0,0,0,0,0,0,0,0,0,0,0,0,0,0,0,0,0,0,0,0,0,0,0,0,0,0,0,0,0,0,0,0,0,0,0,0,0,0,0,0,0,0,0,0,0,0,0,0,0,0,0,0,0,0,0,0,0,0,0,0,0,0,0,NA,-Inf,-Inf,18,0
"129","Bylikombo2",0,1,0,"MI96","M","Minganga","Adulte",9957.93839292735,9956.7634994966,9185.81149924313,8937.05379773415,0,0,9553.47761684404,0,0,0,0,0,0,0,0,0,0,0,0,0,0,0,0,0,0,0,0,0,0,0,0,0,0,0,0,0,0,0,0,0,0,0,0,0,0,0,0,0,0,0,0,0,0,0,0,0,0,0,0,0,0,0,0,0,13563.5585566147,0,0,0,0,0,0,9755.12055817032,13563.5585566147,8937.05379773415,18,6
"131","VMA",0,1,0,"MI98","M","Attention","Adulte",0,0,0,0,0,0,7095.06219146973,0,0,0,0,8977.81551371977,14723.2585856623,14779.5745511928,15161.8323621648,0,0,0,0,0,0,0,0,0,0,0,0,0,0,0,0,0,0,0,0,0,0,0,0,0,0,0,0,0,0,0,0,0,0,0,0,0,0,0,0,0,0,0,0,0,0,21580.6975445257,0,0,16992.4332653818,0,0,0,0,0,0,14779.5745511928,21580.6975445257,7095.06219146973,24,7
"132","Bylikombo2",0,1,0,"MI99","F","Minganga","Adulte",0,0,0,0,0,0,0,0,0,0,0,0,11280.8157334613,11336.9783121699,11748.2197056644,0,0,0,0,0,0,0,0,0,0,0,0,0,0,0,0,0,0,0,0,0,0,0,0,0,0,0,0,0,0,0,0,0,0,0,0,0,0,0,0,0,0,0,0,0,0,0,0,0,13563.5585566147,0,0,0,0,0,0,11542.5990089171,13563.5585566147,11280.8157334613,12,4
