"","Nom.du.campement","Old_person","Adulte","Enfant...Notez.si.la.personne.est.un.enfant.","MY.REFERENCE","Sexe","Lieu.de.naissance.coded","Tranche.d.age","V1","V2","V3","V4","V5","V6","V7","V8","V9","V10","V11","V12","V13","V14","V15","V16","V17","V18","V19","V20","V21","V22","V23","V24","V25","V26","V27","V28","V29","V30","V31","V32","V33","V34","V35","V36","V37","V38","V39","V40","V41","V42","V43","V44","V45","V46","V47","V48","V49","V50","V51","V52","V53","V54","V55","V56","V57","V58","V59","V60","V61","V62","V63","V64","V65","V66","V67","median","max","min","places_visited","total_fam_visit"
"2","Makossa1",0,1,0,"MI10","M","Minganga","Adulte",0,0,0,0,0,0,0,0,0,0,0,0,0,0,0,0,0,0,0,0,0,0,0,0,0,0,0,0,0,0,0,0,0,0,0,0,0,0,0,0,0,0,0,0,0,0,0,0,0,0,0,0,0,0,0,0,0,0,0,0,0,0,0,0,0,0,0,NA,-Inf,-Inf,19,1
"8","VMA",1,1,0,"MI105","F","Mbili","Personne âgée",0,0,0,0,0,0,0,0,0,0,0,0,0,0,0,0,0,0,0,0,0,0,0,0,0,0,0,0,0,0,0,0,0,0,0,0,0,0,0,0,0,0,0,0,0,0,0,0,0,0,0,0,0,0,0,0,0,0,0,0,0,21580.6975445257,0,0,0,0,0,21580.6975445257,21580.6975445257,21580.6975445257,4,1
"9","VMA",0,1,0,"MI106","F","Mossombo","Adulte",0,0,0,0,0,0,0,0,0,0,0,0,0,0,0,0,0,0,0,0,0,0,0,0,0,0,0,0,0,0,0,0,0,0,0,0,0,0,0,0,0,0,0,0,0,0,0,0,0,0,0,0,0,0,0,0,0,0,0,0,0,0,21239.8847915227,11823.4947689813,0,0,0,16531.689780252,21239.8847915227,11823.4947689813,17,2
"10","Bokéya1",1,0,0,"MI107","M","Attention","Adolescent",0,0,0,0,0,0,0,0,0,0,0,0,0,0,0,0,0,0,0,0,0,0,0,0,0,0,0,0,0,0,99725.1687021239,0,0,0,0,0,0,0,0,0,0,0,0,0,0,0,0,0,0,0,0,0,0,0,0,0,0,0,0,0,0,0,0,0,0,0,0,99725.1687021239,99725.1687021239,99725.1687021239,14,1
"12","Bokéya1",0,1,0,"MI109","M","Attention","Adulte",0,0,0,0,0,0,0,0,0,0,0,0,0,0,0,0,0,0,0,0,0,0,0,0,0,0,0,0,0,0,0,0,0,0,0,0,0,0,0,0,0,0,0,0,0,0,0,0,0,0,0,0,0,0,0,0,0,0,0,0,0,0,0,0,0,0,0,NA,-Inf,-Inf,18,0
"13","Makossa3",1,1,0,"MI11","F","Mossombo","Personne âgée",0,0,0,0,0,0,0,0,0,0,0,0,0,0,0,0,0,0,0,0,0,0,0,0,0,0,0,0,0,0,0,0,0,0,0,0,0,0,0,0,0,0,0,0,0,0,0,0,0,0,0,0,0,0,0,0,0,0,0,0,0,0,0,0,0,0,0,NA,-Inf,-Inf,9,0
"14","Bokéya1",0,1,0,"MI110","F","Toukoulaka","Adulte",0,0,0,0,0,0,0,0,0,0,0,0,0,0,0,0,0,0,0,0,0,0,0,0,0,0,0,0,0,0,0,0,0,0,0,0,0,0,0,0,0,0,0,0,0,0,0,0,0,0,0,0,0,0,0,0,0,0,0,0,0,0,0,11467.3402983625,0,0,0,11467.3402983625,11467.3402983625,11467.3402983625,18,1
"17","Bokéya1",0,1,0,"MI113","M","Attention","Adulte",0,0,0,0,977.642020277983,0,0,0,0,0,0,0,0,0,0,0,0,0,0,0,0,0,0,0,0,0,0,0,0,0,0,0,0,0,0,0,0,0,0,0,0,0,0,0,0,0,0,0,0,0,0,0,0,0,0,0,0,0,0,0,0,0,19394.168014374,11467.3402983625,0,0,0,11467.3402983625,19394.168014374,977.642020277983,18,3
"18","Moundouala1",0,1,0,"MI114","M","","Adulte",0,0,0,0,0,0,0,0,0,0,0,0,0,0,0,0,0,0,0,0,0,0,0,0,0,0,0,0,0,0,0,0,0,0,0,0,0,0,0,0,0,0,0,0,0,0,0,0,0,0,0,0,0,0,0,0,0,0,0,0,0,0,0,9036.4176782065,0,0,0,9036.4176782065,9036.4176782065,9036.4176782065,18,1
"19","Bokéya1",0,1,0,"MI115","F","Bène","Adulte",0,0,0,0,0,0,0,0,0,0,0,0,0,0,0,0,0,0,0,0,0,0,0,0,0,0,0,0,0,0,0,0,0,0,0,0,0,0,0,0,0,0,0,0,0,0,0,0,0,0,0,0,0,0,0,0,0,0,0,0,0,0,19394.168014374,11467.3402983625,0,0,0,15430.7541563682,19394.168014374,11467.3402983625,17,2
"20","Bokéya1",0,1,0,"MI116","F","Minganga","Adulte",0,0,0,0,0,0,0,0,0,0,0,0,0,0,0,0,0,0,0,0,0,0,0,0,0,0,0,0,0,0,0,0,0,0,0,0,0,0,0,0,0,0,0,0,0,0,0,0,0,0,0,0,0,0,0,0,0,0,0,0,0,0,19394.168014374,0,0,0,0,19394.168014374,19394.168014374,19394.168014374,16,1
"21","Moundouala1",0,1,0,"MI117","F","Toukoulaka","Adulte",0,0,0,0,0,0,0,0,0,0,0,0,0,0,0,0,0,0,0,0,0,0,0,0,0,0,0,0,0,0,0,0,0,0,0,0,0,0,0,0,0,0,0,0,0,0,0,0,0,0,0,0,0,0,0,0,0,0,0,0,0,0,0,9036.4176782065,0,0,0,9036.4176782065,9036.4176782065,9036.4176782065,16,1
"24","Makossa3",1,1,0,"MI12","F","Mossombo","Personne âgée",0,0,0,0,0,0,0,0,0,11748.2197056644,0,0,0,0,0,0,0,0,0,0,0,0,0,0,0,0,0,0,0,0,0,0,0,0,0,0,0,0,0,0,0,0,0,0,0,0,0,0,0,0,0,0,0,0,0,0,0,0,0,0,0,0,0,26187.7318112722,1831.5821899513,0,0,11748.2197056644,26187.7318112722,1831.5821899513,16,3
"27","Ndémiko",0,1,0,"MI122","F","Toukoulaka","Adulte",0,0,0,0,0,0,0,0,0,0,0,0,0,0,0,0,0,0,0,0,0,0,0,0,0,0,0,0,0,0,0,0,0,0,0,0,0,0,0,0,0,0,0,0,0,0,0,0,0,0,0,0,0,0,0,0,0,0,0,0,0,0,0,12405.064381551,0,0,0,12405.064381551,12405.064381551,12405.064381551,17,1
"28","Ndémiko",0,1,0,"MI123","M","Minganga","Adulte",0,0,0,0,0,0,0,0,0,0,0,0,0,0,0,0,0,0,0,0,0,0,0,120631.960151461,0,0,0,0,0,0,0,0,0,0,0,0,0,0,0,0,0,0,0,0,0,0,0,0,0,0,0,0,0,0,0,0,0,0,0,0,0,0,0,12405.064381551,0,0,0,66518.5122665062,120631.960151461,12405.064381551,20,2
"30","Ndémiko",0,1,0,"MI125","M","Attention","Adulte",0,0,0,0,0,0,0,0,0,0,0,0,0,0,0,0,0,0,0,0,0,0,0,0,0,0,0,0,0,0,0,0,0,0,0,0,0,0,0,0,0,0,0,0,0,0,0,0,0,0,0,0,0,0,0,0,0,0,0,0,0,0,0,12405.064381551,0,0,0,12405.064381551,12405.064381551,12405.064381551,17,1
"31","Ndémiko",0,0,0,"MI126","M","Attention","Adolescent",0,0,0,0,0,0,0,0,0,0,0,0,0,0,0,0,0,0,0,0,0,0,0,0,0,0,0,0,0,0,0,0,0,0,0,0,0,0,0,0,0,0,0,0,0,0,0,0,0,0,0,0,0,0,0,0,0,0,0,0,0,0,20488.4030588227,0,0,0,0,20488.4030588227,20488.4030588227,20488.4030588227,18,1
"32","Epopé",0,1,0,"MI127","M","Attention","Adulte",0,0,2301.16162045399,2594.78777130577,0,3250.392007215,0,0,0,0,0,0,0,0,0,0,0,0,0,0,0,0,0,0,0,0,0,0,0,0,0,0,0,0,0,0,0,0,0,0,0,0,0,0,0,0,0,54023.8103506314,0,0,0,0,0,0,0,0,0,0,0,0,0,0,0,0,0,0,0,2922.58988926038,54023.8103506314,2301.16162045399,18,4
"33","Ndémiko",0,1,0,"MI128","F","Attention","Adulte",0,0,0,0,0,0,0,0,0,0,0,0,0,0,0,0,0,0,0,0,0,0,0,0,0,0,0,0,0,0,0,0,0,0,0,0,0,0,0,0,0,0,0,0,0,0,0,0,0,0,0,0,0,0,0,0,0,0,0,0,0,20166.4470397444,0,12405.064381551,0,0,0,16285.7557106477,20166.4470397444,12405.064381551,17,2
"34","Ndémiko",0,1,0,"MI129","F","Bène","Adulte",0,0,0,0,0,0,0,0,0,0,0,0,0,0,0,0,0,0,0,0,0,0,0,0,0,0,0,0,0,0,0,0,0,0,0,0,0,0,0,0,0,0,0,0,0,0,0,0,0,0,0,0,0,0,0,0,0,0,0,0,0,20166.4470397444,0,12405.064381551,0,0,0,16285.7557106477,20166.4470397444,12405.064381551,17,2
"35","Makossa1",0,1,0,"MI13","F","Minganga","Adulte",0,0,0,0,0,0,0,0,0,0,0,0,0,56.3378760579933,526.599251997692,0,0,0,0,0,0,0,0,0,0,0,0,0,0,0,0,0,0,0,0,0,0,0,0,0,0,0,0,0,0,0,0,0,0,0,0,0,0,0,0,0,0,0,0,0,0,0,0,0,0,0,0,291.468564027843,526.599251997692,56.3378760579933,9,2
"39","Epopé",0,1,0,"MI133","F","Minganga","Adulte",0,0,0,0,0,0,0,0,0,0,0,0,0,0,0,0,0,0,0,0,0,0,0,0,0,0,0,0,0,0,0,0,0,0,0,0,0,0,0,0,0,0,0,0,0,0,0,0,0,0,0,0,0,0,0,0,0,0,0,0,0,0,0,9175.1061717803,0,0,0,9175.1061717803,9175.1061717803,9175.1061717803,18,1
"41","Mbaya",0,0,0,"MI15","F","Mbili","Adolescent",0,0,0,0,0,0,0,0,0,0,0,0,0,0,0,0,0,0,0,0,0,0,0,0,0,0,0,0,0,0,0,0,0,0,0,0,0,0,0,0,0,0,0,0,0,0,0,0,0,0,0,0,0,0,0,0,0,0,0,0,0,0,29693.5014605877,0,0,0,0,29693.5014605877,29693.5014605877,29693.5014605877,12,1
"43","Mbaya",1,1,0,"MI17","M","Mossombo","Personne âgée",0,0,0,0,0,0,0,0,0,0,0,0,0,0,0,0,0,0,0,0,0,0,0,0,0,0,0,0,0,0,0,0,0,0,0,0,0,0,0,0,0,0,0,0,0,0,0,0,0,0,0,0,0,0,0,0,0,0,0,0,0,29781.789239708,29693.5014605877,0,0,0,0,29737.6453501478,29781.789239708,29693.5014605877,22,2
"44","Mbaya",0,1,0,"MI18","F","Mbili","Adulte",0,0,0,0,0,0,0,0,0,0,0,0,0,0,0,0,0,0,0,0,0,0,0,0,0,0,0,0,0,0,0,0,0,0,0,0,0,0,0,0,0,0,0,0,0,0,0,0,0,0,0,0,0,0,0,0,0,0,0,0,0,0,0,0,0,0,0,NA,-Inf,-Inf,17,0
"45","VMA",0,0,0,"MI19","M","Minganga","Adolescent",0,0,0,0,0,0,0,0,0,0,0,0,0,0,0,0,0,0,0,0,0,0,0,0,0,0,0,0,0,0,0,0,0,0,0,0,0,0,0,0,0,0,0,0,0,0,0,0,0,0,0,0,0,0,0,0,0,0,0,0,0,0,0,0,0,0,0,NA,-Inf,-Inf,17,0
"47","Mbaya",0,0,0,"MI20","F","Mbaya","Adolescent",0,0,0,0,0,0,0,0,0,0,0,0,0,0,0,0,0,0,0,0,0,0,0,0,0,0,0,0,0,0,0,0,0,0,0,0,0,0,0,0,0,0,0,0,0,0,0,0,0,0,0,0,0,0,0,0,0,0,0,0,0,0,0,0,0,0,0,NA,-Inf,-Inf,10,0
"48","Mbaya",1,1,0,"MI21","F","Mossombo","Personne âgée",0,0,0,0,0,0,0,0,0,0,0,0,0,0,0,0,0,0,0,0,0,0,0,0,0,0,0,0,0,0,0,0,0,0,0,0,0,0,0,0,0,0,0,0,0,0,0,0,0,0,0,0,0,0,0,0,0,0,0,0,0,0,0,20470.5867014215,0,0,0,20470.5867014215,20470.5867014215,20470.5867014215,13,1
"49","Mbaya",0,1,0,"MI22","M","Minganga","Adulte",0,0,0,0,0,0,0,0,0,0,0,0,0,0,0,0,0,0,0,0,0,0,0,0,0,0,0,0,0,0,0,0,0,0,0,0,0,0,0,0,0,0,0,0,0,0,0,0,0,0,0,0,0,0,0,0,0,0,0,0,0,0,0,0,0,0,0,NA,-Inf,-Inf,17,0
"52","VMA",1,1,0,"MI25","M","Minganga","Personne âgée",0,0,0,0,0,0,0,0,0,0,0,0,0,0,0,0,0,0,0,0,0,0,0,0,0,0,0,0,0,0,0,0,0,0,0,0,0,0,0,0,0,0,0,0,0,0,0,0,0,0,0,0,0,0,0,0,0,0,0,0,0,0,0,0,0,0,0,NA,-Inf,-Inf,11,0
"53","VMA",1,1,0,"MI26","F","Minganga","Personne âgée",0,0,0,0,0,0,0,0,0,0,0,0,0,0,0,0,0,0,0,0,0,0,0,0,0,0,0,0,0,0,0,0,0,0,0,0,0,0,0,0,0,0,0,0,0,0,0,0,0,0,0,0,0,0,0,0,0,0,0,0,0,0,0,0,16992.4332653818,0,0,16992.4332653818,16992.4332653818,16992.4332653818,10,1
"54","Bylikombo2",0,0,0,"MI27","F","Minganga","Adolescent",0,0,0,0,0,0,0,0,0,0,0,0,0,0,0,0,0,0,0,0,0,0,0,0,0,0,0,0,0,0,0,0,0,0,0,0,0,0,0,0,0,0,0,0,0,0,0,0,0,0,0,0,0,0,0,0,0,0,0,0,0,0,0,0,0,0,0,NA,-Inf,-Inf,0,0
"55","Bylikombo2",1,1,0,"MI28","F","Minganga","Personne âgée",0,0,0,0,0,0,0,0,0,0,0,5419.28879393557,11280.8157334613,11336.9783121699,11748.2197056644,0,0,0,0,0,0,0,0,0,0,0,0,0,0,0,0,0,0,0,0,0,0,0,0,0,0,0,0,0,0,0,0,0,0,0,0,0,0,0,0,0,0,0,0,0,0,0,24892.005416506,15503.8883848124,0,0,0,11542.5990089171,24892.005416506,5419.28879393557,12,6
"56","Bylikombo2",0,1,0,"MI29","M","Minganga","Adulte",0,0,0,0,0,0,0,3708.34757203055,0,0,0,5419.28879393557,0,0,0,0,0,0,0,0,0,0,0,0,0,0,0,0,0,0,0,0,0,0,0,0,0,0,0,0,0,0,0,0,0,0,0,0,0,0,0,0,0,0,0,0,0,0,0,0,0,0,0,0,0,0,0,4563.81818298306,5419.28879393557,3708.34757203055,8,2
"57","Makossa3",0,0,0,"MI3","F","","Adolescent",0,0,0,0,0,0,0,0,0,0,0,0,0,0,0,0,0,0,0,0,0,0,0,0,0,0,0,0,0,0,0,0,0,0,0,0,0,0,0,0,0,0,0,0,0,0,0,0,0,0,0,0,0,0,0,0,0,0,0,0,0,0,0,0,0,0,0,NA,-Inf,-Inf,0,0
"58","Avocat",0,0,0,"MI30","M","Toukoulaka","Adolescent",0,0,0,0,0,0,0,0,0,0,0,0,0,0,0,0,0,0,0,0,0,0,0,0,0,0,0,0,0,0,0,0,0,0,0,0,0,0,0,0,0,0,0,0,0,0,0,0,0,0,0,0,0,0,0,0,0,0,0,0,0,0,0,0,0,0,0,NA,-Inf,-Inf,17,0
"59","Epopé",1,1,0,"MI31","F","Toukoulaka","Personne âgée",0,445.36574490207,0,0,0,0,0,0,0,0,0,0,0,0,0,0,0,0,0,0,0,0,0,0,0,0,0,0,0,0,0,0,0,0,0,0,0,0,0,0,0,0,0,0,0,0,0,0,0,0,0,0,0,0,0,0,0,0,0,0,0,0,17323.8909163794,9175.1061717803,0,0,0,9175.1061717803,17323.8909163794,445.36574490207,18,3
"60","Avocat",0,0,0,"MI32","M","Attention","Adolescent",0,0,0,0,0,0,0,0,0,0,0,0,0,0,0,0,0,0,0,0,0,0,0,0,0,0,0,0,0,0,0,0,0,0,0,0,0,0,0,0,0,0,0,0,0,0,0,0,0,0,0,0,0,0,0,0,0,0,0,0,0,0,0,0,0,0,0,NA,-Inf,-Inf,5,0
"61","Avocat",0,0,0,"MI34","M","Toukoulaka","Adolescent",0,0,0,0,0,0,0,0,0,0,0,0,0,0,0,0,0,0,0,0,0,0,0,0,0,0,0,0,0,0,0,0,0,0,0,0,0,0,0,0,0,0,0,0,0,0,0,0,0,0,0,0,0,0,0,0,0,0,0,0,0,0,0,0,0,0,0,NA,-Inf,-Inf,17,0
"65","Avocat",0,1,0,"MI38","F","Attention","Adulte",0,0,0,0,0,0,0,0,0,0,0,0,0,0,0,0,0,0,0,0,0,0,0,0,0,0,0,0,0,0,0,0,0,0,0,0,0,0,0,0,0,0,0,0,0,0,0,0,0,0,0,0,0,0,0,0,0,0,0,0,0,0,0,0,0,0,0,NA,-Inf,-Inf,18,0
"66","Avocat",0,1,0,"MI39","M","Attention","Adulte",0,0,0,0,0,0,0,0,0,0,0,0,0,0,0,0,0,0,0,0,0,0,0,0,0,0,0,0,0,0,0,0,0,0,0,0,0,0,0,0,0,0,0,0,0,0,0,0,0,0,0,0,0,0,0,0,0,0,0,0,0,0,0,0,0,0,0,NA,-Inf,-Inf,20,0
"69","Avocat",1,1,0,"MI41","M","Minganga","Personne âgée",0,0,0,0,0,159.18233975715,0,0,0,0,0,0,0,0,0,0,0,0,0,0,0,0,0,0,0,0,0,0,0,0,0,0,0,0,0,0,0,0,0,0,0,0,0,0,0,0,0,0,0,0,0,0,0,0,0,0,0,0,0,0,0,0,20332.8587070465,0,0,0,0,10246.0205234018,20332.8587070465,159.18233975715,20,2
"70","Avocat",0,0,0,"MI42","F","Attention","Adolescent",0,0,0,0,0,0,0,0,0,0,0,0,0,0,0,0,0,0,0,0,0,0,0,0,0,0,0,0,0,0,0,0,0,0,0,0,0,0,0,0,0,0,0,0,0,0,0,0,0,0,0,0,0,0,0,0,0,0,0,0,0,0,0,0,0,0,0,NA,-Inf,-Inf,0,0
"71","Avocat",0,1,0,"MI43","F","Attention","Adulte",0,0,0,0,0,0,0,0,0,0,0,0,0,0,0,0,0,0,0,0,0,0,0,0,0,0,0,0,0,0,0,0,0,0,0,0,0,0,0,0,0,0,0,0,0,0,0,0,0,0,0,0,0,0,0,0,0,0,0,0,0,20008.4231646689,20332.8587070465,0,0,0,0,20170.6409358577,20332.8587070465,20008.4231646689,18,2
"72","Avocat",1,1,0,"MI44","F","Bène","Personne âgée",0,0,0,0,0,0,0,0,0,0,0,0,0,0,0,0,0,0,0,0,0,0,0,0,0,0,0,0,0,0,0,0,0,0,0,0,0,0,0,0,0,0,0,0,0,0,0,0,0,0,0,0,0,0,0,0,0,0,0,0,0,0,20332.8587070465,0,0,0,0,20332.8587070465,20332.8587070465,20332.8587070465,19,1
"73","Avocat",0,1,0,"MI45","M","Attention","Adulte",0,0,0,0,0,0,0,0,0,0,0,0,0,0,0,0,0,0,0,0,0,0,0,0,0,0,0,0,0,0,0,0,0,0,0,0,0,0,0,0,0,0,0,0,0,0,0,0,0,0,0,0,0,0,0,0,0,0,0,0,0,0,0,0,0,0,0,NA,-Inf,-Inf,18,0
"75","Moundouala2",0,0,0,"MI47","M","Attention","Adolescent",0,0,0,0,0,0,0,0,0,0,0,0,0,0,0,0,0,0,0,0,0,0,0,0,0,0,0,0,0,0,0,0,0,0,0,0,0,0,0,0,0,0,0,0,0,0,0,0,0,0,0,0,0,0,0,0,0,0,0,0,0,0,17192.066569453,0,0,0,0,17192.066569453,17192.066569453,17192.066569453,18,1
"76","Moundouala2",0,0,0,"MI48","F","Attention","Adolescent",0,0,0,0,0,0,0,0,0,0,0,0,0,0,0,0,0,0,0,0,0,0,0,0,0,0,0,0,0,0,0,0,0,0,0,0,0,0,0,0,0,0,0,0,0,0,0,0,0,0,0,0,0,0,0,0,0,0,0,0,0,0,17192.066569453,0,0,0,0,17192.066569453,17192.066569453,17192.066569453,18,1
"77","Moundouala2",0,0,0,"MI49","F","Attention","Adolescent",0,0,0,0,0,0,0,0,0,0,0,0,0,0,0,0,0,0,0,0,0,0,0,0,0,0,0,0,0,0,0,0,0,0,0,0,0,0,0,0,0,0,0,0,0,0,0,0,0,0,0,0,0,0,0,0,0,0,0,0,0,0,0,0,0,0,0,NA,-Inf,-Inf,1,0
"79","Moundouala2",0,1,0,"MI50","M","Attention","Adulte",0,0,0,0,0,0,0,0,0,0,0,0,0,0,0,0,0,0,0,0,0,0,0,0,0,0,0,0,0,0,0,0,0,0,0,0,0,0,0,0,0,0,0,0,0,0,0,0,0,0,0,0,0,0,0,0,0,0,0,0,0,0,17192.066569453,9216.36983453115,0,0,0,13204.2182019921,17192.066569453,9216.36983453115,16,2
"82","Moundouala2",0,1,0,"MI53","F","","Adulte",0,0,0,0,0,0,0,0,0,0,0,0,0,0,0,0,0,0,0,0,0,0,0,0,0,0,0,0,0,0,0,0,0,0,0,0,0,0,0,0,0,0,10163.0045857466,0,0,0,0,0,0,0,0,0,0,0,0,0,0,0,0,0,0,16915.3610568009,17192.066569453,0,0,0,0,16915.3610568009,17192.066569453,10163.0045857466,20,3
"84","Bokéya2",0,1,0,"MI55","M","Attention","Adulte",0,0,0,0,0,764.46397749897,0,0,0,0,0,0,0,0,0,0,0,0,0,0,0,0,0,0,0,0,0,0,0,0,0,0,0,0,0,0,0,0,0,0,0,0,0,0,0,0,0,0,0,0,0,0,0,0,0,0,0,0,0,0,0,0,0,0,0,0,0,764.46397749897,764.46397749897,764.46397749897,19,1
"86","Bokéya2",1,1,0,"MI57","F","Minganga","Personne âgée",0,0,0,0,0,0,0,0,0,0,0,0,0,0,0,0,0,0,0,0,0,0,0,0,0,0,0,0,0,0,0,0,0,0,0,0,0,0,0,0,0,0,0,0,0,0,0,0,0,0,0,0,0,0,0,0,0,0,0,0,0,0,0,0,0,0,0,NA,-Inf,-Inf,17,0
"87","Bokéya2",1,1,0,"MI58","M","","Personne âgée",0,0,0,0,0,0,0,0,0,0,0,0,0,0,0,0,0,0,0,0,0,0,0,0,0,0,0,0,0,0,0,0,0,0,0,0,0,0,0,0,0,0,0,0,0,0,0,0,0,0,0,0,0,0,0,0,0,0,0,0,0,0,0,0,0,0,0,NA,-Inf,-Inf,9,0
"89","Makossa3",0,1,0,"MI6","F","Mbili","Adulte",0,0,0,0,0,0,0,0,0,0,0,6369.20790186196,0,0,0,0,0,0,0,0,0,0,0,0,0,0,0,0,0,0,0,0,0,0,0,0,0,0,0,0,0,0,0,0,0,0,0,0,0,0,0,0,0,0,0,0,0,0,0,0,0,0,0,0,0,0,0,6369.20790186196,6369.20790186196,6369.20790186196,13,1
"92","Bokéya2",0,1,0,"MI62","F","Attention","Adulte",0,0,0,0,0,0,0,0,0,0,0,0,0,0,0,0,0,0,0,0,0,0,0,0,0,0,0,0,0,0,0,0,0,0,0,0,0,0,0,0,0,0,0,0,0,0,0,0,0,0,0,0,0,0,0,0,0,0,0,0,0,0,0,11769.8690560442,0,0,0,11769.8690560442,11769.8690560442,11769.8690560442,20,1
"93","Epopé",0,1,0,"MI63","M","Attention","Adulte",0,0,2301.16162045399,2594.78777130577,0,0,0,0,0,0,0,0,0,0,0,0,0,0,0,0,0,0,0,0,0,0,0,0,0,0,0,0,0,0,0,0,0,0,0,0,0,0,0,0,0,0,0,0,0,0,0,0,0,0,0,0,0,0,0,0,0,0,0,0,0,0,0,2447.97469587988,2594.78777130577,2301.16162045399,16,2
"97","Epopé",0,1,0,"MI67","F","Toukoulaka","Adulte",0,0,0,0,0,0,0,0,0,0,0,0,0,0,0,0,0,0,0,0,0,0,0,0,0,0,0,0,0,0,0,0,0,0,0,0,0,0,0,0,0,0,0,0,0,0,0,0,0,0,0,0,0,0,0,0,0,0,0,0,0,0,0,9175.1061717803,0,0,0,9175.1061717803,9175.1061717803,9175.1061717803,19,1
"98","Makossa2",0,1,0,"MI68","F","Minganga","Adulte",0,0,0,0,0,0,0,0,0,0,0,0,0,0,0,0,0,0,0,0,0,0,0,0,0,0,0,0,0,0,0,0,0,0,0,0,0,0,0,0,0,0,0,0,0,0,0,0,0,0,0,0,0,0,0,0,0,0,0,0,0,0,0,0,0,0,0,NA,-Inf,-Inf,10,0
"100","Makossa3",1,1,0,"MI7","M","Mossombo","Personne âgée",0,0,0,0,0,0,0,0,0,0,0,0,0,480.080421053032,0,0,0,0,0,0,0,0,0,0,0,0,0,0,0,0,0,0,0,0,0,0,0,0,0,0,0,0,12846.5461050492,0,0,0,0,0,0,0,0,0,0,0,0,0,0,0,0,0,0,0,0,0,0,0,0,6663.31326305111,12846.5461050492,480.080421053032,9,2
"101","Makossa2",0,1,0,"MI70","M","Mbili","Adulte",0,0,0,0,0,0,0,0,0,0,0,0,0,0,0,0,0,0,0,0,0,0,0,0,0,0,0,0,0,0,0,0,0,0,0,0,0,0,0,0,0,0,0,0,0,0,0,0,0,0,0,0,0,0,0,0,0,0,0,0,0,0,0,25875.1425396089,0,0,0,25875.1425396089,25875.1425396089,25875.1425396089,17,1
"102","Makossa2",0,1,0,"MI71","F","Mbili","Adulte",0,0,0,0,0,0,0,0,0,0,0,0,0,0,0,0,0,0,0,0,0,0,0,0,0,0,0,0,0,0,0,0,0,0,0,0,0,0,0,0,0,0,0,0,0,0,0,0,0,0,0,0,0,0,0,0,0,0,0,0,0,0,34848.2605579712,0,0,0,0,34848.2605579712,34848.2605579712,34848.2605579712,17,1
"107","Makossa3",0,1,0,"MI76","M","Mossombo","Adulte",0,0,0,0,0,0,0,15161.8323621648,0,0,0,0,0,0,0,0,0,0,0,0,0,0,0,0,0,0,0,0,0,0,0,0,0,0,0,0,0,0,0,0,0,0,0,0,0,0,0,0,0,0,0,0,0,0,0,0,0,0,0,0,0,0,0,0,0,0,0,15161.8323621648,15161.8323621648,15161.8323621648,10,1
"108","Makossa3",0,1,0,"MI77","F","Mbili","Adulte",0,0,0,0,0,0,0,15161.8323621648,0,0,0,0,0,0,0,0,0,0,0,0,0,0,0,0,0,0,0,0,0,0,0,0,0,0,0,0,0,0,0,0,0,0,12846.5461050492,0,0,0,0,0,0,0,0,0,0,0,0,0,0,0,0,0,0,0,0,0,0,0,0,14004.189233607,15161.8323621648,12846.5461050492,8,2
"109","Makossa3",0,1,0,"MI78","F","Mossombo","Adulte",0,0,0,0,0,0,0,0,0,0,0,0,0,0,0,0,0,0,0,0,0,0,0,0,0,0,0,0,0,0,0,0,0,0,0,0,0,0,0,0,0,0,0,0,0,0,0,0,0,0,0,0,0,0,0,0,0,0,0,0,0,0,0,0,0,0,0,NA,-Inf,-Inf,10,0
"111","Makossa3",0,1,0,"MI8","F","Mossombo","Adulte",0,0,0,0,0,0,0,0,0,0,0,0,526.599251997692,480.080421053032,0,0,0,0,0,0,0,0,0,0,0,0,0,0,0,0,0,0,0,0,0,0,0,0,0,0,0,0,0,0,0,0,0,0,0,0,0,0,0,0,0,0,0,0,0,0,0,0,0,0,0,0,0,503.339836525362,526.599251997692,480.080421053032,10,2
"113","Makossa3",0,0,0,"MI81","M","Mossombo","Adolescent",0,0,0,0,0,0,0,0,0,0,0,0,0,0,0,0,0,0,0,0,0,0,0,0,0,0,0,0,0,0,0,0,0,0,0,0,0,0,0,0,0,0,12846.5461050492,0,0,0,0,0,0,0,0,0,0,0,0,0,0,0,0,0,0,0,0,0,0,0,0,12846.5461050492,12846.5461050492,12846.5461050492,9,1
"118","Mbaya",0,1,0,"MI86","F","","Adulte",0,0,0,0,0,0,0,0,0,0,0,0,0,0,0,0,0,0,0,0,0,0,0,0,0,0,0,0,0,0,0,0,0,0,0,0,0,0,0,0,0,0,6482.71147905199,0,0,0,0,0,0,0,0,0,0,0,0,0,0,0,0,0,0,0,29693.5014605877,0,0,0,0,18088.1064698198,29693.5014605877,6482.71147905199,11,2
"120","Mbaya",0,1,0,"MI88","M","Minganga","Adulte",0,0,0,0,0,0,0,0,0,0,0,0,0,0,0,0,0,0,0,0,0,0,0,0,0,0,0,0,0,0,0,0,0,0,0,0,0,0,0,0,0,158455.326985449,0,0,0,0,0,0,0,0,0,0,0,0,0,0,0,0,0,0,0,0,0,20470.5867014215,0,0,0,89462.9568434351,158455.326985449,20470.5867014215,17,2
"123","Mbaya",0,1,0,"MI90","M","Mossombo","Adulte",0,0,0,0,0,0,0,0,0,0,0,0,0,0,0,0,0,0,0,0,0,0,0,0,0,0,0,0,0,0,0,0,0,0,0,0,0,0,0,0,0,0,0,0,0,0,0,0,0,0,0,0,0,0,0,0,0,0,0,0,0,0,0,0,0,0,0,NA,-Inf,-Inf,8,0
"125","Mbaya",0,1,0,"MI92","F","Minganga","Adulte",0,0,0,0,0,0,0,0,0,0,0,0,0,0,0,0,0,0,0,0,0,0,0,0,0,0,0,0,0,0,0,0,0,0,0,0,0,0,0,0,0,0,0,0,0,0,0,0,0,0,0,0,0,0,0,0,0,0,0,0,0,0,0,0,0,0,0,NA,-Inf,-Inf,14,0
"129","Bylikombo2",0,1,0,"MI96","M","Minganga","Adulte",0,0,0,0,0,0,0,0,0,0,0,0,0,0,0,0,0,0,0,0,0,0,0,0,0,0,0,0,0,0,0,0,0,0,0,0,0,0,0,0,0,0,0,0,0,0,0,0,0,0,0,0,0,0,0,0,0,0,0,0,0,0,0,0,0,0,0,NA,-Inf,-Inf,14,0
"131","VMA",0,1,0,"MI98","M","Attention","Adulte",0,0,0,0,0,0,0,0,0,0,0,0,0,0,0,0,0,0,0,0,0,0,0,0,0,0,0,0,0,0,0,0,0,0,0,0,0,0,0,0,0,0,0,0,0,0,0,0,0,0,0,0,0,0,0,0,0,0,0,0,0,0,0,11823.4947689813,0,0,0,11823.4947689813,11823.4947689813,11823.4947689813,18,1
"132","Bylikombo2",0,1,0,"MI99","F","Minganga","Adulte",0,0,0,0,0,0,0,0,0,0,0,0,0,0,0,0,0,0,0,0,0,0,0,0,0,0,0,0,0,0,0,0,0,0,0,0,0,0,0,0,0,0,0,0,0,0,0,0,0,0,0,0,0,0,0,0,0,0,0,0,0,0,0,0,0,0,0,NA,-Inf,-Inf,10,0
