"","Estimate","Est.Error","Q2.5","Q25","Q75","Q97.5","Q10","Q90","log_max_dist_std","sex","region","max_dist"
"1",1.76398853526646,1.98286601095871,0.133173661663386,0.580026203226102,2.21750564520417,7.05186951109805,0.304498858424267,3.8440302405281,-5,"Women","Macao",131.831322689248
"2",1.76558688554137,1.94401418824674,0.139583377404761,0.594285248514875,2.22790687005489,6.94876204928824,0.314834858595962,3.82457420833392,-4.91919191919192,"Women","Macao",143.926276531768
"3",1.76754019855038,1.90609279407477,0.146301085697454,0.609277058260298,2.23413850054742,6.85546840817444,0.325280282394462,3.81069999518708,-4.83838383838384,"Women","Macao",157.130890092999
"4",1.7698503086343,1.86906520472853,0.153343251205062,0.624486536400183,2.24399485698117,6.77083217956234,0.336225229311387,3.79639475618984,-4.75757575757576,"Women","Macao",171.54696985417
"5",1.77251927709594,1.83289599474004,0.160530596200199,0.639589480273164,2.25256131924835,6.68009526502568,0.348126072883394,3.7781210290425,-4.67676767676768,"Women","Macao",187.28566260097
"6",1.77554939511502,1.7975508808184,0.168044256527446,0.656045344842771,2.26009224195137,6.58370888444023,0.360230384704042,3.76484096180327,-4.5959595959596,"Women","Macao",204.468312356096
"7",1.77894318692847,1.76299666849593,0.17550709212119,0.67188658441607,2.26904171953456,6.49722429845282,0.372439198715835,3.74796939873385,-4.51515151515152,"Women","Macao",223.227395931661
"8",1.78270341328259,1.72920120142417,0.184080248729053,0.687972748815215,2.27817966650331,6.40527761137073,0.385387220592393,3.72907270354208,-4.43434343434343,"Women","Macao",243.707544314482
"9",1.78683307516361,1.69613331326766,0.192813615941967,0.70458590858441,2.28819936965949,6.32200649785014,0.398480318350305,3.71643984627546,-4.35353535353535,"Women","Macao",266.066657759058
"10",1.79133541781417,1.66376278215693,0.201574418935372,0.721146024939473,2.29770403856899,6.23523391733778,0.412270411699946,3.70104434434036,-4.27272727272727,"Women","Macao",290.47712318551
"11",1.79621393504343,1.63206028767847,0.211590297207973,0.738698715852116,2.30762396837494,6.14876515670009,0.42644677129934,3.68500920891166,-4.19191919191919,"Women","Macao",317.127143268507
"12",1.80147237383929,1.60099737039535,0.221664801442064,0.757446658388354,2.317676596462,6.06410874038526,0.441543573412877,3.66392603970247,-4.11111111111111,"Women","Macao",346.22218746437
"13",1.80711473929152,1.57054639391169,0.232307835248978,0.776625410805011,2.32787691327009,5.98106790877641,0.456313942941097,3.64561248104092,-4.03030303030303,"Women","Macao",377.986576163621
"14",1.8131452998356,1.54068050951474,0.242991008079723,0.795721345572179,2.33870461206285,5.90185711867736,0.472157719118273,3.62513840799345,-3.94949494949495,"Women","Macao",412.665210182697
"15",1.81956859282713,1.51137362345208,0.254143440136221,0.81514429885165,2.34733812518775,5.82245011177465,0.488064311598154,3.60729761205748,-3.86868686868687,"Women","Macao",450.525458929032
"16",1.82638943045802,1.48260036692825,0.266320289467885,0.83455040017735,2.35642458840165,5.74558296795399,0.504994848000181,3.59211380909713,-3.78787878787879,"Women","Macao",491.859221797141
"17",1.83361290602556,1.45433606893523,0.279254636807835,0.855098787306461,2.3664688254744,5.66861968289967,0.521752991675425,3.57685711926587,-3.70707070707071,"Women","Macao",536.985178688867
"18",1.84124440056694,1.42655673206666,0.29191495274097,0.876200450688124,2.37605415162158,5.58082099433273,0.539557048332355,3.56214417062031,-3.62626262626263,"Women","Macao",586.251247009128
"19",1.84928958987195,1.39923901150542,0.305373406874613,0.89740206639536,2.38704119735225,5.50661061843735,0.558478524279103,3.54885224399719,-3.54545454545455,"Women","Macao",640.03726408042
"20",1.85775445188772,1.37236019742104,0.319313905876225,0.918713620235394,2.39941633710565,5.44187131546528,0.577204399990479,3.53160956981972,-3.46464646464646,"Women","Macao",698.75791565723
"21",1.86664527453008,1.34589820106737,0.334450885954757,0.94188615479742,2.41048138931168,5.36646171767494,0.596730682611502,3.52175338813922,-3.38383838383838,"Women","Macao",762.865933118991
"22",1.87596866391681,1.31983154493407,0.350242342583015,0.964611911748568,2.42039680229413,5.29618443255533,0.616762778805417,3.51130748032771,-3.3030303030303,"Women","Macao",832.855583991677
"23",1.88573155303939,1.29413935737936,0.365999750199676,0.988014762679433,2.43230071123465,5.23198643685622,0.637063683175025,3.49914325835246,-3.22222222222222,"Women","Macao",909.266482709646
"24",1.89594121089017,1.26880137225825,0.383021531792316,1.01200324204544,2.44214281516248,5.16877863268045,0.659054728068664,3.48385118782293,-3.14141414141414,"Women","Macao",992.687750998417
"25",1.90660525206361,1.24379793416231,0.400938052137057,1.03745238864416,2.45401306052516,5.10519544913152,0.681744336397727,3.46782989494807,-3.06060606060606,"Women","Macao",1083.76255995457
"26",1.91773164685063,1.21911001000817,0.41935302559825,1.06292431755867,2.46633299884547,5.04346263832587,0.704401446820377,3.45858295780582,-2.97979797979798,"Women","Macao",1183.19308884185
"27",1.92932873184665,1.194719207854,0.43900685642684,1.08836226697648,2.47412362083507,4.97623088008588,0.726957765152621,3.44492344075625,-2.8989898989899,"Women","Macao",1291.74593883535
"28",1.94140522109485,1.17060780399303,0.460952273852669,1.11494052102245,2.48254638483024,4.91083182919212,0.75143511153009,3.43293149206857,-2.81818181818182,"Women","Macao",1410.25804345333
"29",1.95397021778766,1.14675877957388,0.482503849838139,1.14190317361383,2.49583984228495,4.84970339564869,0.777037401401165,3.42171292187378,-2.73737373737374,"Women","Macao",1539.64312124564
"30",1.96703322655026,1.12315586823719,0.506465114613706,1.16929216488979,2.50759760698096,4.78666289260337,0.804728156682379,3.40735403352001,-2.65656565656566,"Women","Macao",1680.89872048827
"31",1.98060416633205,1.09978361654308,0.528516467470049,1.1961722167888,2.51881156363323,4.72346811695208,0.832370549753806,3.3969094584189,-2.57575757575758,"Women","Macao",1835.11391019837
"32",1.99469338393257,1.07662745930456,0.551549049209494,1.22516091333229,2.529436158753,4.66965861946273,0.859781022911641,3.38909133867792,-2.49494949494949,"Women","Macao",2003.47767676646
"33",2.0093116681908,1.05367381234853,0.577150174013937,1.25515022583843,2.54061353159289,4.61339122010318,0.889275085148934,3.37676930607593,-2.41414141414141,"Women","Macao",2187.28809094343
"34",2.02447026486751,1.03091018571096,0.604101301376972,1.2846306203806,2.5505626141767,4.55483882690608,0.920628857157766,3.3632336176434,-2.33333333333333,"Women","Macao",2387.96231585896
"35",2.04018089225282,1.00832532085254,0.634594849266454,1.31540986760158,2.56230647189409,4.50611781875722,0.950890227630461,3.35185458911371,-2.25252525252525,"Women","Macao",2607.04753323231
"36",2.05645575753235,0.985909356171408,0.661436853240848,1.34754289817483,2.57419153436607,4.45049334860239,0.981339222596486,3.33963500110255,-2.17171717171717,"Women","Macao",2846.23287201577
"37",2.07330757394759,0.963654025911073,0.689356015881135,1.38051033092179,2.5864223655218,4.3962242733164,1.0148127783591,3.32878368261933,-2.09090909090909,"Women","Macao",3107.36243143951
"38",2.090749578788,0.941552898536217,0.72165878737936,1.41169938029156,2.59831623447142,4.34728465691156,1.04810454353229,3.31533456234618,-2.01010101010101,"Women","Macao",3392.44949886454
"39",2.10879555225464,0.919601661797778,0.755095274191591,1.44382053963554,2.61129697212304,4.2993721911401,1.08350370796624,3.31043122364046,-1.92929292929293,"Women","Macao",3703.69207206215
"40",2.12745983723713,0.897798463055058,0.787684550227164,1.47817713492415,2.62156409365069,4.25189163362795,1.11970730891366,3.29718320235914,-1.84848484848485,"Women","Macao",4043.4898055954
"41",2.14675736004851,0.876144314982626,0.819248828455995,1.51363240999566,2.63421808328997,4.20213067977955,1.15601757834483,3.28871768327205,-1.76767676767677,"Women","Macao",4414.46251195787
"42",2.1667036521649,0.854643578571395,0.853647858768507,1.55012753638406,2.64787545540766,4.15690698032703,1.19242575797791,3.2853439010477,-1.68686868686869,"Women","Macao",4819.47036011185
"43",2.18731487301966,0.833304537323413,0.891811431677276,1.58865893208777,2.66013853690609,4.11082195567206,1.23118916401419,3.28614464223632,-1.60606060606061,"Women","Macao",5261.63592715503
"44",2.20860783390447,0.812140078691327,0.92917987247798,1.62721885227552,2.67343875164582,4.06778269587465,1.2691217841613,3.28095990951433,-1.52525252525253,"Women","Macao",5744.36827313241
"45",2.2306000230333,0.791168501018376,0.970906012147961,1.66447927091345,2.68654889864724,4.03758543325953,1.31021749313221,3.2758390723179,-1.44444444444444,"Women","Macao",6271.38922460799
"46",2.25330963182776,0.770414466289532,1.01477584986899,1.7038513600029,2.70234289756045,4.00021778917603,1.35245201917198,3.26919384236421,-1.36363636363636,"Women","Macao",6846.76206964047
"47",2.2767555824866,0.7499101205544,1.05788390478453,1.74353105480815,2.71899256210952,3.96310470556705,1.39174128762828,3.2632664760349,-1.28282828282828,"Women","Macao",7474.92288539909
"48",2.30095755690507,0.729696404343752,1.10168486300767,1.78270757551788,2.73290790290316,3.93385580097217,1.43553991906691,3.26205003633823,-1.2020202020202,"Women","Macao",8160.71473995255
"49",2.3259360270144,0.709824573851994,1.14805405619579,1.82204093920651,2.74806278914247,3.90060310969124,1.47976644728256,3.26222221321648,-1.12121212121212,"Women","Macao",8909.42503192436
"50",2.35171228661538,0.690357948702248,1.19222051730253,1.86265174930736,2.76605961791444,3.87268173760753,1.52638567445543,3.25883363655954,-1.04040404040404,"Women","Macao",9726.82625589995
"51",2.37830848478478,0.671373891716515,1.24328994173422,1.90414057426303,2.78333962427182,3.85380817606357,1.57234436953623,3.25911691401033,-0.959595959595959,"Women","Macao",10619.2205078838
"52",2.4057476609379,0.652966007471338,1.2922184716056,1.94658812357878,2.80273455101936,3.83588726029084,1.6204583755766,3.26150611290585,-0.878787878787878,"Women","Macao",11593.4880739398
"53",2.43405378163572,0.635246515892219,1.34114461500622,1.98827024741176,2.82180260775185,3.8233200302709,1.66789855769995,3.26200253709049,-0.797979797979798,"Women","Macao",12657.1404766289
"54",2.46325177923043,0.618348710489846,1.39566359539175,2.03101292268442,2.84175777509762,3.81382141317274,1.71573447878135,3.26882274163457,-0.717171717171717,"Women","Macao",13818.3783882288
"55",2.49336759244898,0.602429344010337,1.44543514192318,2.07403394516502,2.86481910280046,3.81007259188691,1.76209416535488,3.27427542575619,-0.636363636363636,"Women","Macao",15086.1548572404
"56",2.52442820902025,0.587670695168526,1.49658167539014,2.11570245233057,2.88979561372762,3.79901116303013,1.81095352842972,3.28605123369358,-0.555555555555555,"Women","Macao",16470.2443356531
"57",2.55646171045829,0.574281961893159,1.54369696081957,2.15763859500308,2.91204601483291,3.80388169926855,1.85930811883579,3.30142512408711,-0.474747474747474,"Women","Macao",17981.3180391637
"58",2.58949731912077,0.562499512459993,1.58701082872911,2.19950530463688,2.9381706208981,3.80165903521312,1.90695701377422,3.31779567154887,-0.393939393939394,"Women","Macao",19631.0262213687
"59",2.62356544766954,0.552585435398552,1.64271231502841,2.23969036579536,2.96927875018616,3.8135718082212,1.95222903733938,3.33791685029961,-0.313131313131313,"Women","Macao",21432.0879962583
"60",2.65869775106801,0.544823811399764,1.68907284313097,2.2794997760901,2.99924230330594,3.81953758305985,1.9961402256712,3.35818341325654,-0.232323232323232,"Women","Macao",23398.3894015366
"61",2.69492718125884,0.539514250655804,1.73637365803637,2.32043240484577,3.03081958993591,3.8408554879358,2.03827753975943,3.38951288504237,-0.151515151515151,"Women","Macao",25545.0904588261
"62",2.73228804467446,0.53696255802677,1.77668000066743,2.35997586066589,3.06753481573499,3.85852003458276,2.07910998088801,3.4243271371584,-0.07070707070707,"Women","Macao",27888.7420561843
"63",2.77081606274268,0.537468923456016,1.81214744607338,2.40089171811094,3.10580032869957,3.90553388246003,2.11616083071304,3.4622185402109,0.0101010101010104,"Women","Macao",30447.4135540846
"64",2.8105484355606,0.541314711692478,1.84780589737141,2.44028424967168,3.14741014397571,3.95616647670099,2.15055058302311,3.50896068659527,0.0909090909090917,"Women","Macao",33240.8320986958
"65",2.85152390892077,0.54874955350753,1.87253453326035,2.47567114916971,3.19070048870519,4.01313284071264,2.18528137718825,3.55889708442138,0.171717171717172,"Women","Macao",36290.5347165506
"66",2.89378284488602,0.559980757524136,1.89451124671328,2.51205987351723,3.23680606750154,4.08864941489853,2.21491067992636,3.61206954033983,0.252525252525253,"Women","Macao",39620.0343632444
"67",2.93736729612233,0.575166854415648,1.91031187546872,2.54449889233956,3.28918558420747,4.16697769636483,2.24328672930151,3.66804432284555,0.333333333333334,"Women","Macao",43255.0012063828
"68",2.98232108421288,0.594416333252953,1.9220252926499,2.57667590991945,3.34681021309362,4.2676648129063,2.2624938664151,3.73873549273467,0.414141414141414,"Women","Macao",47223.4605404557
"69",3.02868988219166,0.617791561005591,1.93140675365307,2.60538419983862,3.40756197672075,4.37905376932962,2.28263898542286,3.81516885076424,0.494949494949496,"Women","Macao",51556.0088595468
"70",3.07652130155076,0.645316867801556,1.9389364714009,2.63214848833868,3.47060372279207,4.4976849801709,2.30040838530653,3.90307442232294,0.575757575757576,"Women","Macao",56286.0497537781
"71",3.12586498399322,0.676989161604333,1.94200000307481,2.66119368786941,3.53321660874147,4.62123188658547,2.31698183460148,3.9936603985369,0.656565656565657,"Women","Macao",61450.0514482346
"72",3.17677269822143,0.712789331645232,1.94380081007434,2.68507852687091,3.60291032355682,4.76584652078871,2.32987042137276,4.09209123532501,0.737373737373738,"Women","Macao",67087.8279699706
"73",3.2292984420715,0.752693015211256,1.93662252725065,2.71356453456841,3.67552315296285,4.92345032432396,2.33683726622172,4.19813989307768,0.818181818181818,"Women","Macao",73242.8461108746
"74",3.28349855032526,0.796679824205995,1.93466284871031,2.73699818779633,3.75068864917415,5.08710037191759,2.34733437525543,4.3083336378725,0.8989898989899,"Women","Macao",79962.5605530483
"75",3.33943180855507,0.844740650912671,1.92849577314925,2.75729136255114,3.82632602781294,5.2611911633211,2.35225501721334,4.42708716490918,0.97979797979798,"Women","Macao",87298.7797404908
"76",3.3971595733813,0.896883072063812,1.92398070971194,2.77691845054241,3.90950920144451,5.45158556791313,2.35358873517413,4.5527587195106,1.06060606060606,"Women","Macao",95308.0653179286
"77",3.45674589954968,0.953135110268272,1.91266494686889,2.80138348607488,3.99334247944575,5.65131945308183,2.3534076930161,4.68369173636478,1.14141414141414,"Women","Macao",104052.168216429
"78",3.51825767426445,1.01354771365048,1.89999770283078,2.81758990712181,4.081427373004,5.8644864270344,2.35617626540632,4.82093441383187,1.22222222222222,"Women","Macao",113598.504747985
"79",3.58176475924493,1.07819632242588,1.88779535819274,2.83646818808443,4.17309866928587,6.08951898277878,2.35619936099712,4.96185300060894,1.3030303030303,"Women","Macao",124020.676379722
"80",3.64734014100698,1.14718184807055,1.87182674140259,2.85386365168209,4.26105468297842,6.3196670511363,2.35509325277975,5.10973057725692,1.38383838383838,"Women","Macao",135399.03719513
"81",3.71506008990734,1.22063132832221,1.85580330891185,2.86956907093303,4.35796928901687,6.57607122305032,2.35192868398929,5.27162782999063,1.46464646464647,"Women","Macao",147821.313417428
"82",3.78500432852849,1.29869845846502,1.8389765090795,2.88785271730888,4.4573214522941,6.83987187170126,2.34985556095492,5.430838457989,1.54545454545455,"Women","Macao",161383.2797715
"83",3.85725621002469,1.38156414542131,1.82361800213308,2.90307444280834,4.55997991599348,7.1144637416288,2.34587419423677,5.60015623726383,1.62626262626263,"Women","Macao",176189.497899128
"84",3.93190290709589,1.46943718910735,1.80613726007202,2.91898480772711,4.66681679540958,7.42213246500951,2.34263410030915,5.78962795216516,1.70707070707071,"Women","Macao",192354.122520621
"85",4.00903561230654,1.56255516499381,1.79080043174429,2.93644045362628,4.77496336542096,7.74573846024734,2.33541649656193,5.9730338460214,1.78787878787879,"Women","Macao",210001.781558294
"86",4.08874975052068,1.66118556110614,1.77810241262984,2.9523628580394,4.88920134557181,8.0596171655845,2.33059912381281,6.1602993485837,1.86868686868687,"Women","Macao",229268.537007465
"87",4.17114520428346,1.765627209719,1.75788626068704,2.96742719629658,4.99829999886541,8.40887886007239,2.32399877836189,6.35273512283669,1.94949494949495,"Women","Macao",250302.933963215
"88",4.25632655304307,1.87621204682039,1.74161152713778,2.98441531959058,5.11832067054969,8.77693155819719,2.31766527601146,6.55393374171607,2.03030303030303,"Women","Macao",273267.14589082
"89",4.34440332717641,1.99330722947862,1.72419154176659,2.99845190574307,5.2470912099294,9.17162603262749,2.31131280013955,6.76667212462576,2.11111111111111,"Women","Macao",298338.224969784
"90",4.43549027785677,2.11731764135533,1.7046154585417,3.01234606454639,5.37223648223099,9.56089120767636,2.30628773625159,6.99597518893134,2.19191919191919,"Women","Macao",325709.46715154
"91",4.52970766388342,2.24868881891958,1.68643106601936,3.03039738878737,5.49945868341848,9.97153849080512,2.29756229870511,7.2189418575021,2.27272727272727,"Women","Macao",355591.902455292
"92",4.62718155668166,2.38791033484889,1.67078534586933,3.04332195359498,5.6272996792162,10.4061679679827,2.29186980530823,7.45382399756938,2.35353535353535,"Women","Macao",388215.92199205
"93",4.72804416477804,2.53551968026977,1.64978616891921,3.05701826352675,5.76291393570614,10.8815833204805,2.28544929324267,7.70512054788226,2.43434343434344,"Women","Macao",423833.054261087
"94",4.83243417916024,2.69210669365545,1.63356137752764,3.06954493396002,5.90023378944489,11.3756102058928,2.27830953674766,7.96716512631924,2.51515151515152,"Women","Macao",462717.904413925
"95",4.94049714104481,2.85831859122647,1.61234490610635,3.08153203623186,6.04282092861047,11.8883849451772,2.26997307351994,8.22780267801775,2.5959595959596,"Women","Macao",505170.271437398
"96",5.05238583370002,3.03486566152484,1.59574128057753,3.09595854570152,6.18557439028055,12.4161168076228,2.26188044078476,8.50549527999919,2.67676767676768,"Women","Macao",551517.459579103
"97",5.16826070010602,3.22252769543696,1.57439193203719,3.10956195700518,6.32980375488825,13.0001699330227,2.25539464984522,8.79050107003363,2.75757575757576,"Women","Macao",602116.801836153
"98",5.28829028838117,3.42216123233829,1.55411846527531,3.12567495117833,6.48436477879222,13.6022159233464,2.24569379375427,9.09371937676097,2.83838383838384,"Women","Macao",657358.414963106
"99",5.41265172706392,3.6347077132586,1.53848881898223,3.14004948530797,6.64628096588958,14.2620595485548,2.23823731834316,9.39676847911881,2.91919191919192,"Women","Macao",717668.207239953
"100",5.541531232514,3.8612026430691,1.51942520784396,3.15323411096192,6.80246461312575,14.9207225481932,2.22988698519406,9.7117293429953,3,"Women","Macao",783511.162189831
"101",2.75280417476017,48.0431479384662,0.00655492790400751,0.0884384579908133,1.26300531708174,15.2989912325926,0.0260560689230847,4.15332102089267,-5,"Men","Macao",131.831322689248
"102",2.66146261794494,43.2638101949593,0.00717329866647775,0.0933211687576023,1.28178517832706,14.9924574474988,0.0279648528884384,4.14522048990751,-4.91919191919192,"Men","Macao",143.926276531768
"103",2.57716805184612,38.9793230761682,0.00782602234451036,0.0984235310672848,1.30181575600443,14.6839843364028,0.0300108848293854,4.13536439449157,-4.83838383838384,"Men","Macao",157.130890092999
"104",2.49937288419965,35.1381075516785,0.00856995575151064,0.103879368160927,1.32320009676757,14.351804716338,0.0322054786435566,4.12141234938268,-4.75757575757576,"Men","Macao",171.54696985417
"105",2.42758039806205,31.6939915187268,0.00939546427506495,0.109569552149363,1.34325712817352,14.0339667509544,0.0346208543595472,4.11565608323938,-4.67676767676768,"Men","Macao",187.28566260097
"106",2.36133995501687,28.6056406796276,0.0103006730443782,0.11558280814892,1.36320632107618,13.817624298137,0.0371243694812598,4.11403139934079,-4.5959595959596,"Men","Macao",204.468312356096
"107",2.30024267539997,25.8360493128834,0.0112643338080174,0.121918098446345,1.38162043696289,13.5154505687786,0.039817106515961,4.10770785521541,-4.51515151515152,"Men","Macao",223.227395931661
"108",2.2439175477705,23.3520846186678,0.0123195872286982,0.128372255116739,1.4041423762646,13.2956473965078,0.0427715441702184,4.09514391646591,-4.43434343434343,"Men","Macao",243.707544314482
"109",2.19202792474157,21.1240789878214,0.0134598916061425,0.135510158905592,1.42605553787808,13.0366977785598,0.045845980879703,4.07965264525721,-4.35353535353535,"Men","Macao",266.066657759058
"110",2.14426836667026,19.1254651419153,0.0147384612198928,0.143184589077719,1.44744486667291,12.6896644684711,0.0491712144973856,4.07366205892316,-4.27272727272727,"Men","Macao",290.47712318551
"111",2.10036179864279,17.332449627796,0.0161358337545049,0.150839694526742,1.46926328581116,12.3959098870943,0.0527913576611315,4.0656095367617,-4.19191919191919,"Men","Macao",317.127143268507
"112",2.06005694972385,15.7237206299795,0.0176713864876525,0.15914077887786,1.49341165794609,12.1783000301855,0.0566401389981357,4.05648217244735,-4.11111111111111,"Men","Macao",346.22218746437
"113",2.02312604661125,14.2801864942428,0.0193049312278493,0.16783152812966,1.51578026929793,11.9431265690391,0.0608801938177952,4.04766012642226,-4.03030303030303,"Men","Macao",377.986576163621
"114",1.98936273668524,12.9847417409933,0.02116851361935,0.177265736171547,1.53991948547447,11.6403808333023,0.0651953576490217,4.04305681550783,-3.94949494949495,"Men","Macao",412.665210182697
"115",1.95858021800041,11.8220576920882,0.0231498731611204,0.187180437087649,1.56397175603034,11.3708499248479,0.0698999409089598,4.0334960002079,-3.86868686868687,"Men","Macao",450.525458929032
"116",1.93060955606616,10.7783951437498,0.0253497092593693,0.197760231096059,1.59023508026309,11.1192511894026,0.0751056181256811,4.02929581801372,-3.78787878787879,"Men","Macao",491.859221797141
"117",1.90529816932693,9.8414367945385,0.0277396268668976,0.208883685905097,1.6150522073043,10.9232515852796,0.080671995677254,4.02689848864786,-3.70707070707071,"Men","Macao",536.985178688867
"118",1.88250846711006,9.00013738399276,0.030373102610153,0.220333463903379,1.64195806206491,10.6954942061256,0.0865534141362234,4.02780577407909,-3.62626262626263,"Men","Macao",586.251247009128
"119",1.86211662547791,8.24458971705638,0.0332577960492956,0.232576142307494,1.66460083588522,10.4548728300764,0.0928205616113397,4.02341838579351,-3.54545454545455,"Men","Macao",640.03726408042
"120",1.84401148792324,7.56590494398536,0.0364680019455506,0.245396236588116,1.69065540449114,10.2308498065042,0.0994763573796925,4.019715374869,-3.46464646464646,"Men","Macao",698.75791565723
"121",1.82809357919751,6.95610563697949,0.0398678126041896,0.258740050404985,1.71730019620185,10.0556663726866,0.106840266204587,4.01638068478214,-3.38383838383838,"Men","Macao",762.865933118991
"122",1.81427422177935,6.40803035511069,0.0434918885299025,0.272927060562059,1.74215056014521,9.85860201943325,0.114531092249294,4.0074563958762,-3.3030303030303,"Men","Macao",832.855583991677
"123",1.80247474558663,5.91524852000535,0.0475644910286079,0.287933896236468,1.77079160403911,9.65885929994833,0.123264075764008,3.99582807069615,-3.22222222222222,"Men","Macao",909.266482709646
"124",1.79262578252463,5.47198453807427,0.052178711962934,0.303631620179921,1.79982352111266,9.45451486754289,0.132258245079899,3.98524980764807,-3.14141414141414,"Men","Macao",992.687750998417
"125",1.78466663835494,5.07305020299924,0.0572286875256745,0.320433238277786,1.82869983826411,9.30392670101175,0.141882518893762,3.97101774785772,-3.06060606060606,"Men","Macao",1083.76255995457
"126",1.77854473517628,4.71378449705716,0.0626016237674347,0.337970066963708,1.85742041736196,9.09512899842821,0.152570937499367,3.96138450536066,-2.97979797979798,"Men","Macao",1183.19308884185
"127",1.77421511853749,4.38999998431919,0.0685272894133702,0.356465938516069,1.88758031419663,8.90572871575034,0.163738667014602,3.95548961334899,-2.8989898989899,"Men","Macao",1291.74593883535
"128",1.77164002386379,4.09793505553929,0.0750668838106767,0.376085592704104,1.91550682054137,8.69134923673227,0.175577349026361,3.95661098927325,-2.81818181818182,"Men","Macao",1410.25804345333
"129",1.77078849747657,3.83421134630826,0.0820387872548126,0.39640692236486,1.94702366685654,8.4878834708121,0.188354717261068,3.95678928652648,-2.73737373737374,"Men","Macao",1539.64312124564
"130",1.7716360680321,3.59579570912284,0.0897232163835875,0.417906346362084,1.97748562472837,8.32351006267316,0.201939505985759,3.95257634759919,-2.65656565656566,"Men","Macao",1680.89872048827
"131",1.77416446470121,3.37996617816292,0.0981127054176031,0.440960307892189,2.00783425396118,8.16648359727577,0.216644362020573,3.94126238709435,-2.57575757575758,"Men","Macao",1835.11391019837
"132",1.77836137886549,3.18428142377101,0.107781666409359,0.464765803526824,2.03862053977298,8.03679906056969,0.232328738078407,3.94572051974079,-2.49494949494949,"Men","Macao",2003.47767676646
"133",1.78422026652158,3.00655325203816,0.117491446971375,0.489882187946089,2.07115319103018,7.88453928902929,0.249840916352788,3.93819960463737,-2.41414141414141,"Men","Macao",2187.28809094343
"134",1.79174018896778,2.84482176288628,0.128612321824271,0.517024587774328,2.10556831250354,7.75871633561588,0.268372554470508,3.9398673633415,-2.33333333333333,"Men","Macao",2387.96231585896
"135",1.80092568970041,2.69733283638045,0.14024968694404,0.545402870001745,2.14108592734114,7.60295110448267,0.287676870602416,3.93548705653715,-2.25252525252525,"Men","Macao",2607.04753323231
"136",1.81178670577572,2.56251767018057,0.153375597666253,0.5750568644879,2.17544421516638,7.43110838271244,0.308911699406374,3.93448709987942,-2.17171717171717,"Men","Macao",2846.23287201577
"137",1.82433851219911,2.43897413953625,0.167888149050475,0.606378370901758,2.20895152837355,7.25847249587483,0.331443579166501,3.92435163560203,-2.09090909090909,"Men","Macao",3107.36243143951
"138",1.83860169819121,2.32544979381548,0.183470941668629,0.639432944002082,2.24253607146361,7.12767251688925,0.355618396264823,3.92238243236385,-2.01010101010101,"Men","Macao",3392.44949886454
"139",1.8546021744521,2.22082633949975,0.199862189968833,0.675039559238862,2.27985004480774,7.01168825504349,0.381972570588239,3.92204835861796,-1.92929292929293,"Men","Macao",3703.69207206215
"140",1.87237121080429,2.12410548871176,0.218356494380007,0.711683916016454,2.31729891832582,6.87747472393261,0.409763865544224,3.91296924375506,-1.84848484848485,"Men","Macao",4043.4898055954
"141",1.89194550384367,2.03439607505698,0.239044167991193,0.751887414769473,2.35510588749293,6.75513384178117,0.439689792579938,3.90204130902195,-1.76767676767677,"Men","Macao",4414.46251195787
"142",1.91336727446888,1.95090235571155,0.261086287291,0.793379727677753,2.39258916664622,6.61879613815151,0.470827625125336,3.89925294579236,-1.68686868686869,"Men","Macao",4819.47036011185
"143",1.93668439539537,1.87291343143916,0.285428703338169,0.836926760849887,2.43261888879804,6.49420762513636,0.504781828649809,3.8913853293667,-1.60606060606061,"Men","Macao",5261.63592715503
"144",1.96195054899293,1.79979372590873,0.312542952669013,0.882275339006744,2.47095204929876,6.37551364669609,0.541715101121618,3.88520548828244,-1.52525252525253,"Men","Macao",5744.36827313241
"145",1.98922541601754,1.73097447369406,0.340902879098824,0.929449707721283,2.50847783411761,6.2791633757232,0.581810972890884,3.87846242193542,-1.44444444444444,"Men","Macao",6271.38922460799
"146",2.01857489604159,1.66594617401788,0.371294722047819,0.980216419284169,2.54727731996333,6.15589325161837,0.623979087056929,3.87930798481806,-1.36363636363636,"Men","Macao",6846.76206964047
"147",2.05007136062341,1.60425197594712,0.405971798633965,1.03303963693894,2.58795142141191,6.07088929918114,0.669017601972837,3.87611430062162,-1.28282828282828,"Men","Macao",7474.92288539909
"148",2.08379394049982,1.54548197161123,0.443809090051368,1.0885492609781,2.63280930831346,5.97538443530284,0.716984206226908,3.87953646313745,-1.2020202020202,"Men","Macao",8160.71473995255
"149",2.11982884833606,1.48926838839774,0.483637531142961,1.14540464446636,2.67357600419232,5.86173677197243,0.76685411247365,3.877585882027,-1.12121212121212,"Men","Macao",8909.42503192436
"150",2.15826973882882,1.43528169043332,0.526247537920309,1.20711299855275,2.71584189461941,5.74127832024069,0.820810726884704,3.87973161890107,-1.04040404040404,"Men","Macao",9726.82625589995
"151",2.19921810823206,1.38322762575544,0.574880157887807,1.27195925008222,2.7615475675671,5.64528021121267,0.878929321008507,3.88047591687785,-0.959595959595959,"Men","Macao",10619.2205078838
"152",2.24278373566447,1.33284529070173,0.627742396631469,1.34035866757045,2.81025422166078,5.52624138093152,0.942594037598324,3.88421065451707,-0.878787878787878,"Men","Macao",11593.4880739398
"153",2.28908516886524,1.28390633022124,0.685034918498912,1.41031869280057,2.86033119448879,5.43372673424754,1.0072692448515,3.88490969752295,-0.797979797979798,"Men","Macao",12657.1404766289
"154",2.33825025739242,1.23621545605018,0.746822690704542,1.48591869512179,2.90828354876782,5.36139107431887,1.07706556059173,3.88230810422507,-0.717171717171717,"Men","Macao",13818.3783882288
"155",2.390416736611,1.18961254916311,0.812812686150806,1.56423883954338,2.96179736205185,5.29429177696633,1.15180091032961,3.89362322305062,-0.636363636363636,"Men","Macao",15086.1548572404
"156",2.4457328661966,1.14397672486557,0.881424178696379,1.64762889231279,3.01232131660551,5.217000864953,1.23340159826711,3.90993073890809,-0.555555555555555,"Men","Macao",16470.2443356531
"157",2.50435812729108,1.09923288494787,0.95938019778392,1.73526498544205,3.06677597227688,5.15096242578045,1.32036673202697,3.92095702366465,-0.474747474747474,"Men","Macao",17981.3180391637
"158",2.56646398289117,1.05536146609751,1.04705765127902,1.82554090111776,3.11841764185232,5.07563911911697,1.41225536059818,3.93288898515548,-0.393939393939394,"Men","Macao",19631.0262213687
"159",2.63223470653441,1.01241231400333,1.13562627166865,1.91899932383294,3.17546580206073,5.01368548265696,1.50790288145264,3.94520102448725,-0.313131313131313,"Men","Macao",21432.0879962583
"160",2.70186828487427,0.970523843835623,1.23640157361485,2.017758141995,3.23257077677519,4.97615920681916,1.60892634814782,3.96505885148662,-0.232323232323232,"Men","Macao",23398.3894015366
"161",2.77557740031164,0.929948816901495,1.33507639467594,2.12004084939142,3.28952376058037,4.92170131150807,1.71657305048153,3.98667864719242,-0.151515151515151,"Men","Macao",25545.0904588261
"162",2.85359050047972,0.891087996297549,1.44857713901912,2.22635576148163,3.35483949442335,4.88801058083629,1.82837952834169,4.018909155592,-0.07070707070707,"Men","Macao",27888.7420561843
"163",2.93615296206965,0.854532280422343,1.55976663004083,2.33729645718968,3.42267331479218,4.86598293797825,1.9427633017765,4.04922393680313,0.0101010101010104,"Men","Macao",30447.4135540846
"164",3.02352835724143,0.821111997226065,1.67937699589012,2.45381042487706,3.49688191157953,4.86907281502509,2.06051999112946,4.08877755511163,0.0909090909090917,"Men","Macao",33240.8320986958
"165",3.11599983169689,0.791947896954857,1.80914800936473,2.56903230253332,3.57610656810202,4.88470258497432,2.17995510175135,4.14813841075268,0.171717171717172,"Men","Macao",36290.5347165506
"166",3.21387160440662,0.768491079885319,1.93003254517161,2.68413830828747,3.66435061378092,4.91274009539295,2.29929121200429,4.21256613865815,0.252525252525253,"Men","Macao",39620.0343632444
"167",3.31747059999048,0.752529171512707,2.042181937535,2.8011212532079,3.75918897794434,4.98219902300032,2.42100380887771,4.28876525521559,0.333333333333334,"Men","Macao",43255.0012063828
"168",3.42714822586163,0.746128389578884,2.14683374749453,2.91601252181205,3.86539723705151,5.07698452125877,2.53641558388624,4.38892510152182,0.414141414141414,"Men","Macao",47223.4605404557
"169",3.54328230746876,0.751487303179187,2.24803004086573,3.02828186500202,3.98698972587452,5.206990090399,2.64442380795504,4.51569652165328,0.494949494949496,"Men","Macao",51556.0088595468
"170",3.66627919632287,0.77071083522275,2.3430519429245,3.1361850135874,4.12185669580037,5.36788003212077,2.74359990340787,4.66271177810587,0.575757575757576,"Men","Macao",56286.0497537781
"171",3.79657606698763,0.805566862310311,2.41476047802525,3.24584963487579,4.26918878126579,5.59006472088981,2.83124402507752,4.83268602995464,0.656565656565657,"Men","Macao",61450.0514482346
"172",3.9346434208626,0.857323153418339,2.47634623350734,3.34571836802022,4.44148973710451,5.86693929403509,2.90975883680113,5.02985434696927,0.737373737373738,"Men","Macao",67087.8279699706
"173",4.08098781641317,0.926735005211859,2.50084408925105,3.43988488502609,4.62800839103847,6.16443473320218,2.97450482400135,5.26451793211197,0.818181818181818,"Men","Macao",73242.8461108746
"174",4.23615484752023,1.01417499485391,2.52597574525269,3.52955955129425,4.82456384327038,6.52318435613119,3.03673818069459,5.53961987969535,0.8989898989899,"Men","Macao",79962.5605530483
"175",4.40073239385835,1.11983204493066,2.53731271128783,3.61908027440857,5.0465500774072,6.93047713979535,3.07985039932623,5.84466799194002,0.97979797979798,"Men","Macao",87298.7797404908
"176",4.57535416968785,1.2439018149098,2.53803646727619,3.70678270534132,5.28378739061081,7.41864172244865,3.11637712767397,6.19503256534713,1.06060606060606,"Men","Macao",95308.0653179286
"177",4.76070360019122,1.38672653340468,2.52885660390619,3.79064051112184,5.53805473659252,7.93951799203004,3.14741439202548,6.56207996458225,1.14141414141414,"Men","Macao",104052.168216429
"178",4.95751805752863,1.54887966060663,2.51297075691192,3.86859982258586,5.81019071981965,8.52445466985914,3.17346603650093,6.97322003008717,1.22222222222222,"Men","Macao",113598.504747985
"179",5.16659349216507,1.7312096642507,2.49031010090976,3.95017557018742,6.11099938247312,9.18825876070757,3.19087904258214,7.43127692941854,1.3030303030303,"Men","Macao",124020.676379722
"180",5.38878949877089,1.93486025803405,2.46716087333546,4.02523640371784,6.43051106103017,9.91673268874818,3.20739810298074,7.90485459777877,1.38383838383838,"Men","Macao",135399.03719513
"181",5.62503486016184,2.16128049643627,2.43628492509364,4.10327671843109,6.77097644620779,10.7187470277815,3.22390815255929,8.42663834340285,1.46464646464647,"Men","Macao",147821.313417428
"182",5.87633361737158,2.41223311958079,2.39402865749431,4.1835640522727,7.1210470596374,11.627692749248,3.24566711080006,8.98644839729581,1.54545454545455,"Men","Macao",161383.2797715
"183",6.14377171909335,2.68980575767166,2.35814740370492,4.25881935455414,7.48969622288471,12.6446426670408,3.2570620240302,9.58647808913082,1.62626262626263,"Men","Macao",176189.497899128
"184",6.42852430944775,2.99642729659992,2.31640186202916,4.33639722231784,7.87212679114249,13.7293440810303,3.27120934368415,10.24593750536,1.70707070707071,"Men","Macao",192354.122520621
"185",6.73186371939888,3.33489049253362,2.2803918690102,4.41352613154067,8.29871866649718,14.9411039735019,3.27960510652873,10.964841235299,1.78787878787879,"Men","Macao",210001.781558294
"186",7.0551682342266,3.70838138072112,2.24174011613276,4.49244948422157,8.73434391997097,16.2768592391649,3.28838399825995,11.7287322736099,1.86868686868687,"Men","Macao",229268.537007465
"187",7.39993171735314,4.12051585132678,2.20968584331092,4.57330242509637,9.20352390428247,17.7354277265747,3.28841045669985,12.5511829912294,1.94949494949495,"Men","Macao",250302.933963215
"188",7.76777417961468,4.57538378273116,2.1711109138154,4.64996232615553,9.69938237935155,19.2992342009347,3.29338039497915,13.4117074565136,2.03030303030303,"Men","Macao",273267.14589082
"189",8.16045339286766,5.07760123306984,2.13437060334605,4.73302274005207,10.2221280724545,20.9686954397673,3.29497096510566,14.3672553992919,2.11111111111111,"Men","Macao",298338.224969784
"190",8.57987765774824,5.63237134557071,2.10063581981328,4.8151061822397,10.7780365471253,22.8525127247673,3.2922837332812,15.3531978643841,2.19191919191919,"Men","Macao",325709.46715154
"191",9.02811984759424,6.24555480092035,2.06512453626902,4.89454745689848,11.3709743599479,24.9198599599402,3.29060673714752,16.4278227567726,2.27272727272727,"Men","Macao",355591.902455292
"192",9.50743286414662,6.92375084272929,2.02377529520053,4.97415168140002,11.9872851021492,27.1936911726821,3.29280958535854,17.6176879153312,2.35353535353535,"Men","Macao",388215.92199205
"193",10.0202666558396,7.67439010934301,1.97701242278504,5.05999160916483,12.6375802451393,29.6715308185424,3.28532695296049,18.9000405856949,2.43434343434344,"Men","Macao",423833.054261087
"194",10.5692869664606,8.50584072928081,1.93685803941272,5.13514885805928,13.3317197910286,32.3353728895169,3.2875803142649,20.2598813965149,2.51515151515152,"Men","Macao",462717.904413925
"195",11.1573960009249,9.42752938263193,1.89710605674544,5.21315092869572,14.0673475117886,35.3135254580623,3.28893409220768,21.7272889418968,2.5959595959596,"Men","Macao",505170.271437398
"196",11.7877552161141,10.4500793018309,1.86261549789542,5.30547170143494,14.8206131486831,38.6632945204141,3.29335097574733,23.2856142465473,2.67676767676768,"Men","Macao",551517.459579103
"197",12.4638104684379,11.5854674879789,1.82755088511382,5.39317925316429,15.6399693552501,42.0461230418889,3.29746414330003,24.9656478292796,2.75757575757576,"Men","Macao",602116.801836153
"198",13.1893197763118,12.8472037594255,1.7864744233634,5.47500385923055,16.4901820941113,45.9840664006623,3.29763881060946,26.787985929511,2.83838383838384,"Men","Macao",657358.414963106
"199",13.96838398544,14.2505346344241,1.75367652309,5.55990972759216,17.361850382582,50.3682529686082,3.2967765147406,28.7482788999115,2.91919191919192,"Men","Macao",717668.207239953
"200",14.8054806580449,15.8126754867801,1.71350995066361,5.65437055452723,18.3095779143896,54.8846966465216,3.28689500948423,30.7158406977426,3,"Men","Macao",783511.162189831
"201",8.08083270047737,55.1726163969229,0.160741878493353,0.939136039517503,5.6614020747166,44.4937314804219,0.424434530636762,14.0314330597438,-5,"Women","Minganga",131.831322689248
"202",7.75852684153444,49.712998804331,0.168514357666855,0.955411937474061,5.60986199518738,42.8375358692622,0.436534948305387,13.6883467583975,-4.91919191919192,"Women","Minganga",143.926276531768
"203",7.45740966776695,44.8277214106972,0.176061616207798,0.972644767225962,5.5638508139443,40.9459181830324,0.449162442450554,13.3666899809312,-4.83838383838384,"Women","Minganga",157.130890092999
"204",7.17586624773781,40.4551219988109,0.183823801600736,0.989007200294603,5.51499256493662,39.4094040581062,0.462408843841201,13.0470902830649,-4.75757575757576,"Women","Minganga",171.54696985417
"205",6.91242114512304,36.5402173122249,0.192285684799346,1.0063779922071,5.45495603346613,37.9033260073577,0.47552757571679,12.7622126158075,-4.67676767676768,"Women","Minganga",187.28566260097
"206",6.66572550623717,33.033972915334,0.200377039706491,1.02330588736165,5.39640834103358,36.2993992179047,0.489234159500203,12.4799513896474,-4.5959595959596,"Women","Minganga",204.468312356096
"207",6.43454540313,29.8926534330884,0.20916693466466,1.04043128190838,5.34602290081791,34.9844618832747,0.503405435954843,12.1752652434559,-4.51515151515152,"Women","Minganga",223.227395931661
"208",6.21775130618781,27.0772443018041,0.218579505885595,1.05878918455061,5.28766052577665,33.5540318937647,0.519366027729495,11.8953555322152,-4.43434343434343,"Women","Minganga",243.707544314482
"209",6.01430857312544,24.5529371462228,0.227887637659239,1.07739171022667,5.23616432074614,32.1215411019622,0.535054083586956,11.6082612788281,-4.35353535353535,"Women","Minganga",266.066657759058
"210",5.82326885285678,22.2886717714249,0.237600377213856,1.09750355089579,5.18635967925341,30.8462226107208,0.551122005855836,11.3464745185662,-4.27272727272727,"Women","Minganga",290.47712318551
"211",5.64376231312165,20.2567285336234,0.247698736238754,1.11454284614948,5.13875002473582,29.61898781801,0.567206867309048,11.087576155494,-4.19191919191919,"Women","Minganga",317.127143268507
"212",5.47499061005537,18.4323655421267,0.259347412749944,1.13481911031129,5.09020866086912,28.5001475876435,0.583968728680254,10.8256105282946,-4.11111111111111,"Women","Minganga",346.22218746437
"213",5.31622052622763,16.7934957555622,0.270321998438827,1.15359640534591,5.03680720508967,27.305472479641,0.60182282707872,10.5588337946287,-4.03030303030303,"Women","Minganga",377.986576163621
"214",5.16677821115157,15.3203995774699,0.282152381460389,1.17515229727481,4.98447237335805,26.2582498439881,0.619110120647019,10.3220067182992,-3.94949494949495,"Women","Minganga",412.665210182697
"215",5.02604396496355,13.9954690374077,0.293582207698884,1.19614528063079,4.93707203766103,25.1628901319349,0.636655288691544,10.076385110335,-3.86868686868687,"Women","Minganga",450.525458929032
"216",4.89344751198025,12.8029800707457,0.306923381364253,1.21708067058073,4.8928095344283,24.1444149499619,0.654658208750388,9.85497477570249,-3.78787878787879,"Women","Minganga",491.859221797141
"217",4.76846371622534,11.7288897896789,0.319378495059138,1.24005489423546,4.84559784920769,23.1547201952613,0.67305530726088,9.63091838436892,-3.70707070707071,"Women","Minganga",536.985178688867
"218",4.65060869584848,10.7606559753343,0.332428516365266,1.26135979390203,4.80246859390034,22.2728949556915,0.692513214548714,9.40020152199794,-3.62626262626263,"Women","Minganga",586.251247009128
"219",4.53943629769195,9.88707632128092,0.346468636609201,1.28284122309526,4.75848673908348,21.4361797052768,0.71447584829127,9.19128135899209,-3.54545454545455,"Women","Minganga",640.03726408042
"220",4.43453489714854,9.09814522681766,0.361604170933929,1.30429205380091,4.71303691612701,20.5973494809799,0.733917924513563,8.98390578411276,-3.46464646464646,"Women","Minganga",698.75791565723
"221",4.33552449194286,8.38492617813849,0.376527226617103,1.32574624982049,4.67036958865616,19.721044163229,0.755260508378707,8.78229168417456,-3.38383838383838,"Women","Minganga",762.865933118991
"222",4.24205406160057,7.73943797034542,0.394445580764357,1.34917015890144,4.6200119872114,18.8784688213584,0.776506868023206,8.57370868223726,-3.3030303030303,"Women","Minganga",832.855583991677
"223",4.15379916718156,7.15455321630251,0.411780138453123,1.37348822391175,4.57395969222341,18.1278557540274,0.798969270452423,8.36847897217018,-3.22222222222222,"Women","Minganga",909.266482709646
"224",4.07045976837887,6.62390776201794,0.42958716443694,1.39867180720653,4.52944186621268,17.3501376388292,0.822919491248042,8.19087866259149,-3.14141414141414,"Women","Minganga",992.687750998417
"225",3.99175823735327,6.14181978466696,0.449125341530875,1.42106820919193,4.49853756430426,16.6397144414537,0.847782953817534,8.0064136917807,-3.06060606060606,"Women","Minganga",1083.76255995457
"226",3.91743755071164,5.7032174902149,0.469731132069386,1.44532970998693,4.45621807841643,16.0012901473438,0.87187851253793,7.81163881464531,-2.97979797979798,"Women","Minganga",1183.19308884185
"227",3.84725964286907,5.30357445420236,0.490038143318977,1.47046937742613,4.41134826803819,15.3589262523434,0.8972734863097,7.64644835899324,-2.8989898989899,"Women","Minganga",1291.74593883535
"228",3.78100390568144,4.93885176271627,0.511706299465071,1.49542840992078,4.37436343725418,14.7131611080977,0.922768402030468,7.46102195173583,-2.81818181818182,"Women","Minganga",1410.25804345333
"229",3.71846582071553,4.60544621180445,0.533034782777543,1.52218525040883,4.33838506307314,14.1350729400758,0.948206659675935,7.29813756266555,-2.73737373737374,"Women","Minganga",1539.64312124564
"230",3.65945571185598,4.30014391342818,0.557071907276731,1.54976670678017,4.303167312681,13.5418272706377,0.975391358604366,7.13695454246394,-2.65656565656566,"Women","Minganga",1680.89872048827
"231",3.60379760714644,4.02007873527603,0.580831822043382,1.57445522706924,4.26118369318082,12.9541428718758,1.00046520826688,6.97589060421615,-2.57575757575758,"Women","Minganga",1835.11391019837
"232",3.55132819984063,3.76269507119055,0.606469930582674,1.60171243175521,4.22105412489209,12.4471532948213,1.02892997537736,6.83974028878129,-2.49494949494949,"Women","Minganga",2003.47767676646
"233",3.5018958996101,3.52571449944166,0.630608770951498,1.63017845261985,4.18579977322637,11.9603956616428,1.05773362464297,6.69728508278479,-2.41414141414141,"Women","Minganga",2187.28809094343
"234",3.45535996572949,3.30710593850577,0.657948509411652,1.65712505234737,4.14789389722518,11.5183583275814,1.08870265036828,6.54597159885346,-2.33333333333333,"Women","Minganga",2387.96231585896
"235",3.41158971484794,3.10505895531966,0.686990457479323,1.68608610740261,4.10578124768907,11.0770304005638,1.11852960631033,6.40526698543314,-2.25252525252525,"Women","Minganga",2607.04753323231
"236",3.37046379666506,2.91795992011748,0.717450832957384,1.71464593720033,4.06513743647605,10.6441413705533,1.15087126077166,6.26022051337499,-2.17171717171717,"Women","Minganga",2846.23287201577
"237",3.33186953146938,2.74437073586267,0.74723082827126,1.74260367309279,4.03157097812098,10.2390393901409,1.18344707989858,6.11593924160367,-2.09090909090909,"Women","Minganga",3107.36243143951
"238",3.29570230407485,2.58300989984981,0.778928035226056,1.77298773014608,3.99742816936918,9.84703994622351,1.21515446342626,5.98803616743402,-2.01010101010101,"Women","Minganga",3392.44949886454
"239",3.26186500921098,2.43273568109703,0.811431786992358,1.80157249884833,3.9635260448425,9.48409943190393,1.2501201495285,5.85354189405997,-1.92929292929293,"Women","Minganga",3703.69207206215
"240",3.23026754389238,2.29253122041946,0.847399119342533,1.8313206874814,3.93065815294939,9.08781904131099,1.28418683182442,5.71553163360136,-1.84848484848485,"Women","Minganga",4043.4898055954
"241",3.20082634271788,2.16149138121363,0.881556204615957,1.86226606473468,3.90015045459166,8.72388940273712,1.31954919515918,5.59567920363232,-1.76767676767677,"Women","Minganga",4414.46251195787
"242",3.17346395243247,2.03881119853282,0.920215402482087,1.89371984588985,3.86828581889199,8.3762514497377,1.35572029340845,5.47509343019543,-1.68686868686869,"Women","Minganga",4819.47036011185
"243",3.14810864243202,1.9237757924346,0.957006856956776,1.92462735381022,3.82897705291638,8.04664371863125,1.39267277656655,5.35164783228836,-1.60606060606061,"Women","Minganga",5261.63592715503
"244",3.12469404820394,1.81575162916393,0.989621472263458,1.95558015800464,3.79496342497176,7.736445034325,1.43280321335739,5.23354729676622,-1.52525252525253,"Women","Minganga",5744.36827313241
"245",3.10315884498089,1.71417903070454,1.03176790765115,1.98831594103039,3.76497088660814,7.45485663951769,1.46987929485267,5.11655719377516,-1.44444444444444,"Women","Minganga",6271.38922460799
"246",3.08344644914088,1.61856584964647,1.07071411146249,2.01928090416471,3.73133398495074,7.17197645807481,1.51059558014966,5.00309732705139,-1.36363636363636,"Women","Minganga",6846.76206964047
"247",3.06550474512044,1.52848224201384,1.10975121169188,2.04991399165788,3.69802918574417,6.90944556829171,1.55215037798409,4.90070544878708,-1.28282828282828,"Women","Minganga",7474.92288539909
"248",3.04928583581818,1.44355648519317,1.1553725918439,2.08202772284985,3.67152792726234,6.64777445079668,1.59523214843963,4.8053159336707,-1.2020202020202,"Women","Minganga",8160.71473995255
"249",3.03474581465795,1.36347180040055,1.2026762041944,2.11415294934255,3.64444642065371,6.42346864434151,1.6380015070352,4.71089665085383,-1.12121212121212,"Women","Minganga",8909.42503192436
"250",3.02184455765464,1.28796414743461,1.24649840674006,2.14748888277265,3.61863955066823,6.21022632100585,1.68120801127242,4.62487945321159,-1.04040404040404,"Women","Minganga",9726.82625589995
"251",3.01054553398426,1.21682096075984,1.29347836340732,2.17939034648906,3.59032138207803,6.00789653124289,1.72197943951234,4.54658837334409,-0.959595959595959,"Women","Minganga",10619.2205078838
"252",3.00081563370405,1.1498807854154,1.34495645942374,2.21070716307684,3.56467003668375,5.80052774277363,1.76268112013647,4.46023921128213,-0.878787878787878,"Women","Minganga",11593.4880739398
"253",2.99262501140005,1.08703374147539,1.39141709460039,2.2409673928899,3.54179410751331,5.61630987637236,1.80447100284881,4.370739792738,-0.797979797979798,"Women","Minganga",12657.1404766289
"254",2.98594694465948,1.02822268621868,1.43931245339267,2.27431181105921,3.51383928867745,5.44177597321227,1.84707485444225,4.29550713408261,-0.717171717171717,"Women","Minganga",13818.3783882288
"255",2.98075770637569,0.973444839866058,1.48805841423105,2.3048658889899,3.48941931172015,5.27490616934757,1.89018580999023,4.22335459399639,-0.636363636363636,"Women","Minganga",15086.1548572404
"256",2.97703644999381,0.922753477899793,1.53380140846538,2.33645154115501,3.47492133925379,5.13526469398621,1.93406742848314,4.15592659218757,-0.555555555555555,"Women","Minganga",16470.2443356531
"257",2.97476510689838,0.876259057968614,1.57805921074635,2.3629276923083,3.45592738271806,5.01142310289566,1.97402677050348,4.09755609314621,-0.474747474747474,"Women","Minganga",17981.3180391637
"258",2.97392829522945,0.834128844419927,1.62359495594547,2.38992766373529,3.44102762388666,4.891047177697,2.01255629463952,4.0479660775402,-0.393939393939394,"Women","Minganga",19631.0262213687
"259",2.97451323949266,0.796583756788649,1.67145581540768,2.41829180595323,3.42827975760927,4.79763876742402,2.05180802148083,4.00380567287358,-0.313131313131313,"Women","Minganga",21432.0879962583
"260",2.97650970040214,0.763890903911999,1.71210786533058,2.44719964238072,3.41067949441192,4.71463981330788,2.08682566356709,3.96325637514153,-0.232323232323232,"Women","Minganga",23398.3894015366
"261",2.97990991446332,0.73635026722012,1.74598972550245,2.47083936791965,3.4012101642959,4.64171782587261,2.11795072648503,3.92786257354325,-0.151515151515151,"Women","Minganga",25545.0904588261
"262",2.98470854286657,0.714274536129368,1.77767363944905,2.49427111401017,3.39159871581923,4.58576244343516,2.14670444598298,3.90674822624926,-0.07070707070707,"Women","Minganga",27888.7420561843
"263",2.99090262932239,0.697962415880203,1.80576094718677,2.51400756871719,3.38811374857636,4.54492362836865,2.17046746987602,3.89217894358717,0.0101010101010104,"Women","Minganga",30447.4135540846
"264",2.99849156652592,0.687667806242867,1.82567872870926,2.52746072920121,3.39456220169028,4.53802492909334,2.19028138581522,3.88597488223003,0.0909090909090917,"Women","Minganga",33240.8320986958
"265",3.00747707099213,0.683569555526912,1.83978491412901,2.53935337509032,3.40207290098799,4.53452255593805,2.20688278416478,3.8901090361786,0.171717171717172,"Women","Minganga",36290.5347165506
"266",3.01786316605476,0.685747957736954,1.84265804910624,2.54991885803836,3.4126134488381,4.5433306072657,2.2081472072541,3.90663553887292,0.252525252525253,"Women","Minganga",39620.0343632444
"267",3.0296561728717,0.694173656943808,1.83681136144066,2.55578091328782,3.43252141080616,4.57646737161407,2.21047109413364,3.93025888739937,0.333333333333334,"Women","Minganga",43255.0012063828
"268",3.042864709328,0.708711830431523,1.82770633120109,2.55826042199887,3.45538146922922,4.61413609198677,2.20518347831475,3.96100980471545,0.414141414141414,"Women","Minganga",47223.4605404557
"269",3.05749969677446,0.729140444265527,1.80344823293692,2.55654889797339,3.49059800984419,4.66334427279825,2.18827554860605,4.00599517013279,0.494949494949496,"Women","Minganga",51556.0088595468
"270",3.07357437458701,0.755177857186946,1.77964348208846,2.55362710367661,3.52195222475212,4.72630428102302,2.1739157543803,4.05821078963066,0.575757575757576,"Women","Minganga",56286.0497537781
"271",3.09110432257787,0.786513558794579,1.74344681298007,2.54818583493372,3.55856642585925,4.80817094879753,2.15506599636015,4.11450774641549,0.656565656565657,"Women","Minganga",61450.0514482346
"272",3.11010749133641,0.822836575110619,1.71583364863378,2.54249355509773,3.59932296386802,4.91387585800199,2.13442805152153,4.17962944612358,0.737373737373738,"Women","Minganga",67087.8279699706
"273",3.13060424062472,0.863858163747677,1.67919398091868,2.53290278679876,3.63983592471182,5.01880444522624,2.10869124149667,4.24863904476933,0.818181818181818,"Women","Minganga",73242.8461108746
"274",3.15261738600092,0.909327675830213,1.63113800954525,2.52187946747131,3.68940967646667,5.15794311982069,2.07844429515349,4.3303495948934,0.8989898989899,"Women","Minganga",79962.5605530483
"275",3.17617225389276,0.959042110553471,1.58483827606691,2.51121315201949,3.74511587914731,5.30361111666196,2.04702060765271,4.41450401162961,0.97979797979798,"Women","Minganga",87298.7797404908
"276",3.20129674539545,1.01285072683974,1.53680708401945,2.49879937603876,3.79466390352124,5.45942099011034,2.00978937664141,4.50189793951314,1.06060606060606,"Women","Minganga",95308.0653179286
"277",3.22802140912125,1.07065626989444,1.48957740791264,2.48552725120122,3.84485577129981,5.63675523329021,1.97701791977471,4.59919712038925,1.14141414141414,"Women","Minganga",104052.168216429
"278",3.25637952348451,1.13241419370161,1.4397528983726,2.47272257580466,3.90689342850572,5.80992104520657,1.94421336257671,4.70005880722956,1.22222222222222,"Women","Minganga",113598.504747985
"279",3.28640718886577,1.19813094297274,1.3917080660176,2.4558159819242,3.96042436572589,5.99899775697796,1.9087243814514,4.81054947993427,1.3030303030303,"Women","Minganga",124020.676379722
"280",3.31814343016134,1.26786203792194,1.34426135107552,2.44016075355627,4.02236004283982,6.21275952412911,1.86994037029787,4.93005925225385,1.38383838383838,"Women","Minganga",135399.03719513
"281",3.35163031029315,1.34171044365292,1.29335339812675,2.42220467335872,4.07980882066142,6.43853518045456,1.83485227985648,5.05428876080178,1.46464646464647,"Women","Minganga",147821.313417428
"282",3.38691305532565,1.41982551704365,1.24899422487948,2.4036133044271,4.14205799598641,6.6581956008893,1.79832555804154,5.18079840952973,1.54545454545455,"Women","Minganga",161383.2797715
"283",3.42404019191538,1.50240269977551,1.20118275598356,2.38599762242403,4.20918606136668,6.90782312936067,1.76214481014311,5.31506383506158,1.62626262626263,"Women","Minganga",176189.497899128
"284",3.46306369790324,1.5896840515256,1.16148946050664,2.36558887251414,4.27924425394211,7.20112167761861,1.72830180334135,5.45420813152218,1.70707070707071,"Women","Minganga",192354.122520621
"285",3.50403916695148,1.68195967756234,1.11745893457314,2.34391055569846,4.35153015697539,7.48423612796231,1.69377070359453,5.59816395626404,1.78787878787879,"Women","Minganga",210001.781558294
"286",3.54702598822734,1.77957008823111,1.07314581752641,2.32763691653825,4.42304293908347,7.77696426520959,1.66045103779953,5.75215065735503,1.86868686868687,"Women","Minganga",229268.537007465
"287",3.5920875422443,1.88290952555653,1.03072239314184,2.31074567693567,4.49355209921624,8.09010831646159,1.62607397750533,5.90744554720725,1.94949494949495,"Women","Minganga",250302.933963215
"288",3.63929141409101,1.99243029866291,0.989186094501957,2.2928680495869,4.56170320099355,8.42241976853771,1.58962244751037,6.06409471044714,2.03030303030303,"Women","Minganga",273267.14589082
"289",3.68870962540821,2.10864818121563,0.950031413101594,2.27330014385247,4.64039100696067,8.76153549601844,1.55415807392509,6.23927583944629,2.11111111111111,"Women","Minganga",298338.224969784
"290",3.74041888661713,2.23214893831546,0.915191374357567,2.2548199851173,4.7199809055013,9.12182597770282,1.51961241202223,6.40895565378563,2.19191919191919,"Women","Minganga",325709.46715154
"291",3.7945008710596,2.36359606585475,0.87633695719974,2.23530640043258,4.79449814890753,9.47750870651592,1.48722208692074,6.58081632558268,2.27272727272727,"Women","Minganga",355591.902455292
"292",3.85104251288286,2.50373984147017,0.843066454502492,2.21750845051242,4.87786366754554,9.83238666167749,1.45624113852176,6.77179316101925,2.35353535353535,"Women","Minganga",388215.92199205
"293",3.91013633069193,2.6534278024643,0.807847770193737,2.19910323883483,4.9626038116303,10.250068115235,1.42552986540272,6.96807161439786,2.43434343434344,"Women","Minganga",423833.054261087
"294",3.97188077920179,2.81361678220936,0.77350723380509,2.17972605775876,5.04387973432976,10.6966209399164,1.39277625847849,7.15709662514156,2.51515151515152,"Women","Minganga",462717.904413925
"295",4.03638063135232,2.98538665254916,0.743593349895099,2.16200785662548,5.13892197676793,11.1265392331987,1.36266676452721,7.37454602826469,2.5959595959596,"Women","Minganga",505170.271437398
"296",4.10374739360388,3.16995593566753,0.715443790698232,2.14586482887266,5.22322568601922,11.6084060347203,1.3295863208921,7.59138318110819,2.67676767676768,"Women","Minganga",551517.459579103
"297",4.17409975741266,3.36869946502871,0.686174108400689,2.12754519278655,5.31126188484753,12.0746437987249,1.2998414161295,7.80692504139821,2.75757575757576,"Women","Minganga",602116.801836153
"298",4.24756409019607,3.58316829170469,0.659408525352935,2.1091930430341,5.3884841929869,12.5951468284938,1.2720041888223,8.033460450303,2.83838383838384,"Women","Minganga",657358.414963106
"299",4.32427496944215,3.8151120502706,0.633268495981369,2.09249035429757,5.4811113110051,13.1370518355461,1.24387402498373,8.26414631760303,2.91919191919192,"Women","Minganga",717668.207239953
"300",4.40437576399797,4.06650401826584,0.608541895929934,2.07456995423307,5.5770160175085,13.6814430624082,1.21555292874707,8.50301792200865,3,"Women","Minganga",783511.162189831
"301",14.2096698724427,170.565537990989,0.00754076134440273,0.145380955362383,3.29019124733495,78.6770125654162,0.0360935378030463,14.3114605171872,-5,"Men","Minganga",131.831322689248
"302",13.2626518848029,152.527908487544,0.00825638092012094,0.152282561885465,3.29053506354242,75.3788411560206,0.0385935698157642,14.0504847122042,-4.91919191919192,"Men","Minganga",143.926276531768
"303",12.3957241721508,136.448722875857,0.00904140629121723,0.159404487429693,3.29631678124524,71.8938596427218,0.0412104655482851,13.7473049300339,-4.83838383838384,"Men","Minganga",157.130890092999
"304",11.6015810023513,122.112856086945,0.00990635211137921,0.16747145765899,3.30122810545059,68.4848914650311,0.0442036527498058,13.4391250619109,-4.75757575757576,"Men","Minganga",171.54696985417
"305",10.8736247893853,109.328990619814,0.0108440603878837,0.175985207543026,3.30653255923873,65.6237099525788,0.0473186743208337,13.1458734122028,-4.67676767676768,"Men","Minganga",187.28566260097
"306",10.2058950870621,97.9269670201242,0.0118178625503952,0.184538019115982,3.30971321517578,62.4038996684136,0.050621750313495,12.9020328074658,-4.5959595959596,"Men","Minganga",204.468312356096
"307",9.5930048933876,87.755430429944,0.0129062984841317,0.193149331989531,3.31012922553679,59.4141418816797,0.0541927123240246,12.6324571043488,-4.51515151515152,"Men","Minganga",223.227395931661
"308",9.03008349963855,78.6797400111107,0.0141500977496485,0.202582854862717,3.31173293727807,56.7937859157593,0.0580768786512657,12.3598699218363,-4.43434343434343,"Men","Minganga",243.707544314482
"309",8.51272519958472,70.5801117780211,0.0154555174812666,0.212102103073638,3.3112117509563,54.3241696909958,0.0621993037024475,12.1084843873506,-4.35353535353535,"Men","Minganga",266.066657759058
"310",8.03694324695225,63.3499686882182,0.0169496308214477,0.222524349245019,3.31007548038154,51.7292023255456,0.0665409043306039,11.890321102946,-4.27272727272727,"Men","Minganga",290.47712318551
"311",7.59912851408367,56.894474778421,0.0185914459706663,0.23282190064759,3.31587078488629,49.1383466649815,0.0710583963187463,11.6223008555767,-4.19191919191919,"Men","Minganga",317.127143268507
"312",7.19601236266352,51.1292327418565,0.0203714419660278,0.244277942603416,3.3191309941636,46.6565247667496,0.0759378201616646,11.3628595461086,-4.11111111111111,"Men","Minganga",346.22218746437
"313",6.82463328909461,45.9791266572448,0.0223123801300521,0.256390736515973,3.3241816454646,44.3943774358007,0.0810897322176833,11.1022936896683,-4.03030303030303,"Men","Minganga",377.986576163621
"314",6.48230695329869,41.3772936337405,0.0244104279839984,0.268872249091015,3.3296483936028,42.1307495110979,0.086742134989501,10.8708395870135,-3.94949494949495,"Men","Minganga",412.665210182697
"315",6.16659924097294,37.2642099589165,0.0267492105438437,0.281574633813258,3.32992785260057,40.3009049895126,0.0926665955942662,10.6280911781915,-3.86868686868687,"Men","Minganga",450.525458929032
"316",5.87530204619164,33.5868789545551,0.0293083878282634,0.294927744969039,3.32932852470621,38.3811629430486,0.0990614553324064,10.3872165004902,-3.78787878787879,"Men","Minganga",491.859221797141
"317",5.6064114941753,30.2981091807156,0.0321531158094222,0.308882086751934,3.33215213397211,36.6872825866238,0.106129598141329,10.1508617648022,-3.70707070707071,"Men","Minganga",536.985178688867
"318",5.35810835347952,27.3558729027373,0.0352168269445017,0.323700257274802,3.33478494139835,34.982880010359,0.113546016190743,9.93940744656462,-3.62626262626263,"Men","Minganga",586.251247009128
"319",5.12874041315977,24.7227358667073,0.0385426563780438,0.339545761900813,3.3343560856642,33.3231259010391,0.121574142336789,9.75064528211038,-3.54545454545455,"Men","Minganga",640.03726408042
"320",4.9168066239824,22.3653504325565,0.0421292211340834,0.355721461789783,3.33872045251333,31.9261800693236,0.130058103117334,9.53954387089343,-3.46464646464646,"Men","Minganga",698.75791565723
"321",4.72094282377553,20.2540050046347,0.0461196879142999,0.372437805344887,3.34105343994624,30.3005329263418,0.139105903257922,9.33794782137869,-3.38383838383838,"Men","Minganga",762.865933118991
"322",4.53990888581384,18.3622234900276,0.0505850529921007,0.390455929650629,3.3424234154497,28.9832536021819,0.149077315369454,9.14131252383103,-3.3030303030303,"Men","Minganga",832.855583991677
"323",4.37257714594683,16.6664092162279,0.0552523768651962,0.408938784156194,3.34637656344922,27.5315661555786,0.159221208408179,8.9576603040309,-3.22222222222222,"Men","Minganga",909.266482709646
"324",4.21792197922321,15.1455283620548,0.0603504478223789,0.428161874552041,3.35224622740782,26.1769121160416,0.170370614239697,8.77526753168545,-3.14141414141414,"Men","Minganga",992.687750998417
"325",4.07501041022499,13.7808285077702,0.0662478821771692,0.450323534986595,3.35125190918283,24.9793012606609,0.182122445949525,8.60295521831836,-3.06060606060606,"Men","Minganga",1083.76255995457
"326",3.94299365337248,12.555588400056,0.0726142022572118,0.47152648088928,3.35157217284268,23.8409864337753,0.194447606586415,8.41028315185386,-2.97979797979798,"Men","Minganga",1183.19308884185
"327",3.82109949024681,11.4548954619096,0.0793147630970925,0.494172054155872,3.35701582520669,22.81970509455,0.208158791322965,8.23225424310639,-2.8989898989899,"Men","Minganga",1291.74593883535
"328",3.70862540063546,10.4654479628498,0.0866263139318545,0.51786675924375,3.36526646192883,21.7279049259902,0.223105682351099,8.05754675996446,-2.81818181818182,"Men","Minganga",1410.25804345333
"329",3.60493237265772,9.57537910670403,0.0946297405536246,0.542775694965527,3.36970685242292,20.6848934381804,0.23826242710884,7.88029646380239,-2.73737373737374,"Men","Minganga",1539.64312124564
"330",3.50943932507987,8.77410059768285,0.103484152234695,0.569390701676064,3.36796053916214,19.796315747283,0.254979440427251,7.72634498691073,-2.65656565656566,"Men","Minganga",1680.89872048827
"331",3.42161808187962,8.05216351494267,0.112964045405905,0.596657336386194,3.37178153265314,18.8298204028125,0.272060215076821,7.57542500468294,-2.57575757575758,"Men","Minganga",1835.11391019837
"332",3.34098884535188,7.40113456541486,0.12312548237649,0.624961050200734,3.37485779278688,17.9391608240337,0.290312500060874,7.41042396516598,-2.49494949494949,"Men","Minganga",2003.47767676646
"333",3.26711611963992,6.81348599794622,0.13446658333958,0.654341248205739,3.38037215763955,17.1349642973626,0.310549521689804,7.25200165972505,-2.41414141414141,"Men","Minganga",2187.28809094343
"334",3.19960504159658,6.28249765196792,0.147424193233153,0.684198940428184,3.38869277081836,16.460668227464,0.331153736257014,7.09954105070991,-2.33333333333333,"Men","Minganga",2387.96231585896
"335",3.13809808039006,5.80216978382581,0.160767148020816,0.716370425597447,3.39569098133366,15.6616980840491,0.353504093097172,6.96262939429418,-2.25252525252525,"Men","Minganga",2607.04753323231
"336",3.08227207132351,5.36714546607259,0.175487668308009,0.750874277151181,3.39722036810384,14.9283489015712,0.376864699168582,6.82458665940401,-2.17171717171717,"Men","Minganga",2846.23287201577
"337",3.03183555298574,4.97264149162099,0.191127497245242,0.785779093333302,3.40598433312341,14.2709751642493,0.403967717339799,6.68483021905909,-2.09090909090909,"Men","Minganga",3107.36243143951
"338",2.986526380137,4.61438683757903,0.208515261874458,0.822621834289581,3.41261147134878,13.6565556817946,0.431508537119694,6.5537531671886,-2.01010101010101,"Men","Minganga",3392.44949886454
"339",2.94610958769731,4.28856785446845,0.22789066368847,0.861417861654138,3.417319256058,13.0346433749622,0.460952939868102,6.43183966254538,-1.92929292929293,"Men","Minganga",3703.69207206215
"340",2.91037548388166,3.99177944678687,0.248843971799418,0.903056522122511,3.42103447032606,12.4756610225659,0.492941130898399,6.29373081632693,-1.84848484848485,"Men","Minganga",4043.4898055954
"341",2.87913795294843,3.72098160177604,0.271376760990751,0.945698076190076,3.42194423121473,11.9450356903516,0.526332791064491,6.17053024916069,-1.76767676767677,"Men","Minganga",4414.46251195787
"342",2.85223295022291,3.47346070596099,0.296645700163274,0.993213357897173,3.42392844590276,11.4516833873747,0.562944107896483,6.04064515790011,-1.68686868686869,"Men","Minganga",4819.47036011185
"343",2.82951717405347,3.24679516464964,0.32324062055474,1.04151062043398,3.42648421838527,10.9470213395849,0.600134277740847,5.92844497219373,-1.60606060606061,"Men","Minganga",5261.63592715503
"344",2.81086690117726,3.03882490927703,0.352242670728713,1.09032310297837,3.42978285697409,10.5145936818639,0.640645453262751,5.8184897906468,-1.52525252525253,"Men","Minganga",5744.36827313241
"345",2.79617697363586,2.84762444247652,0.383231713748296,1.13999300009765,3.44056521160309,10.0676389699578,0.681566651904315,5.70801240422217,-1.44444444444444,"Men","Minganga",6271.38922460799
"346",2.78535992691014,2.67147913244451,0.41831939167521,1.19266839896769,3.45273605677598,9.64123518896982,0.725868144104803,5.59929822996012,-1.36363636363636,"Men","Minganga",6846.76206964047
"347",2.77834525035392,2.50886452810759,0.455199151949451,1.24950340217503,3.45890969367392,9.2196620295412,0.773706697615339,5.49806003436447,-1.28282828282828,"Men","Minganga",7474.92288539909
"348",2.77507877231583,2.35842852658973,0.494849699283644,1.3075601290801,3.46519953957765,8.80809161783086,0.824924975195768,5.38897898445306,-1.2020202020202,"Men","Minganga",8160.71473995255
"349",2.77552216356223,2.21897628651089,0.537199784358876,1.36714138640725,3.47295958287657,8.43292681512829,0.878928014257417,5.28966577102108,-1.12121212121212,"Men","Minganga",8909.42503192436
"350",2.7796525537664,2.08945784682533,0.585495256682417,1.4296318890017,3.47563602367938,8.09344242132094,0.937591990286339,5.1961449355067,-1.04040404040404,"Men","Minganga",9726.82625589995
"351",2.78746225692328,1.96895848318229,0.636873646006602,1.49591883777322,3.48394678105281,7.78014499449617,0.9976575602428,5.11628446808612,-0.959595959595959,"Men","Minganga",10619.2205078838
"352",2.79895860259865,1.85669191337272,0.690497360401623,1.56281750081957,3.49113759094605,7.49372812783836,1.06351297463058,5.02619778237787,-0.878787878787878,"Men","Minganga",11593.4880739398
"353",2.81416387093842,1.7519965495804,0.749151357894974,1.63236006301573,3.50589653629099,7.22379917873194,1.13150079394537,4.9384550302219,-0.797979797979798,"Men","Minganga",12657.1404766289
"354",2.83311533036101,1.65433508287955,0.814281424072451,1.70555490876281,3.52321003147282,6.97637626703577,1.2019959574614,4.88067348460475,-0.717171717171717,"Men","Minganga",13818.3783882288
"355",2.85586537784527,1.56329776115738,0.880251833435453,1.78336476044772,3.54175893297481,6.74162907660864,1.27853720247698,4.81660613693797,-0.636363636363636,"Men","Minganga",15086.1548572404
"356",2.88248178272103,1.47860975589099,0.95098308588528,1.86079508752251,3.55412245568578,6.5323618902278,1.35713314138911,4.7589896082238,-0.555555555555555,"Men","Minganga",16470.2443356531
"357",2.91304803588199,1.4001429487015,1.02805711838794,1.93832081754464,3.5761672797158,6.34338940796358,1.44079756660527,4.70028972009169,-0.474747474747474,"Men","Minganga",17981.3180391637
"358",2.94766380738492,1.32793220381039,1.10683038281593,2.01972363953067,3.59527377401385,6.17044234056154,1.52557713794321,4.64392946427517,-0.393939393939394,"Men","Minganga",19631.0262213687
"359",2.98644551648953,1.26219556460241,1.19201985286864,2.10213709011598,3.62152000981739,6.03648646999681,1.61317271206837,4.60769923243548,-0.313131313131313,"Men","Minganga",21432.0879962583
"360",3.02952701934591,1.2033565962617,1.27794328731397,2.18602636458031,3.65375188682065,5.89253017976482,1.70162716606307,4.58263796802117,-0.232323232323232,"Men","Minganga",23398.3894015366
"361",3.07706042076763,1.15206506147813,1.36454246440676,2.26718558515645,3.68490891835425,5.81105319595158,1.78886933780813,4.56611071289213,-0.151515151515151,"Men","Minganga",25545.0904588261
"362",3.1292170178592,1.10920922157319,1.45860127999498,2.35094078499358,3.72127462666276,5.71616183195552,1.87942643197505,4.5600619415124,-0.07070707070707,"Men","Minganga",27888.7420561843
"363",3.18618838471606,1.07590986897508,1.54605140717836,2.43069023029734,3.77090492163464,5.69957418605039,1.96438171211433,4.57112256625681,0.0101010101010104,"Men","Minganga",30447.4135540846
"364",3.24818760901035,1.05348447809223,1.62545262163655,2.50423051159912,3.82125371782207,5.69776344696082,2.04563429241839,4.60459642804379,0.0909090909090917,"Men","Minganga",33240.8320986958
"365",3.31545069304299,1.04337275718698,1.69876415094243,2.57977139213012,3.8940802589589,5.73192497808714,2.12160215419541,4.65634769398618,0.171717171717172,"Men","Minganga",36290.5347165506
"366",3.38823813381487,1.04702551633572,1.76112636888078,2.65185744672994,3.96642811629214,5.81455360040156,2.18622204271338,4.73161061624348,0.252525252525253,"Men","Minganga",39620.0343632444
"367",3.46683669888546,1.06577640683175,1.80727908417816,2.71998105022177,4.04929454109692,5.9448951322587,2.24837820152439,4.83404862815632,0.333333333333334,"Men","Minganga",43255.0012063828
"368",3.5515614172886,1.10073241572726,1.84400165850104,2.78010705705406,4.15411385965558,6.15967065138497,2.29379599385857,4.96637897319055,0.414141414141414,"Men","Minganga",47223.4605404557
"369",3.64275780761517,1.15272094465876,1.85465138097024,2.83270638360869,4.2585799468531,6.37793982420545,2.33284171512351,5.12480941731396,0.494949494949496,"Men","Minganga",51556.0088595468
"370",3.74080436861081,1.22231274921417,1.83813572357787,2.88409784553221,4.38163880244249,6.63827282364326,2.36186239445353,5.32043766556192,0.575757575757576,"Men","Minganga",56286.0497537781
"371",3.84611536134543,1.30991096437983,1.82471224005057,2.93265600042188,4.53084089313405,6.96206503757999,2.3752032316115,5.52601627621984,0.656565656565657,"Men","Minganga",61450.0514482346
"372",3.95914391627517,1.41587569368425,1.80324754063838,2.9769607905653,4.69682695712702,7.35721631271628,2.37981415801043,5.77634012376426,0.737373737373738,"Men","Minganga",67087.8279699706
"373",4.08038550343747,1.5406516186417,1.76755831038223,3.01550967820153,4.87688425290848,7.80712257137486,2.3745990734422,6.04993400478147,0.818181818181818,"Men","Minganga",73242.8461108746
"374",4.21038180971623,1.68487817748265,1.72387681226403,3.04174160916228,5.05877676224044,8.31607952287929,2.3619420125598,6.32652065680049,0.8989898989899,"Men","Minganga",79962.5605530483
"375",4.34972507373125,1.84947689618716,1.68292005238253,3.07247362806813,5.25912573476524,8.8683072320828,2.34577945925535,6.66184914083522,0.97979797979798,"Men","Minganga",87298.7797404908
"376",4.49906293661599,2.0357209160795,1.63427139491458,3.10002385633669,5.48219055314088,9.51928524785629,2.3263719387621,7.0266657584504,1.06060606060606,"Men","Minganga",95308.0653179286
"377",4.6591038759575,2.24529633087344,1.5856086891506,3.11697310463222,5.71743718278379,10.2172713072901,2.29235559736584,7.43045810249102,1.14141414141414,"Men","Minganga",104052.168216429
"378",4.83062330073184,2.48036565700751,1.53140732774016,3.14015518205355,5.96949792874579,10.9809876665603,2.27138842466722,7.89055207377373,1.22222222222222,"Men","Minganga",113598.504747985
"379",5.0144703974765,2.74364300253341,1.47340226352213,3.15837260113451,6.2348345401515,11.8192244190273,2.23752947987871,8.36553188879944,1.3030303030303,"Men","Minganga",124020.676379722
"380",5.21157583256211,3.03848979353792,1.41139490869767,3.17496330851352,6.50806742666271,12.8168205973148,2.20787751137552,8.86513182739888,1.38383838383838,"Men","Minganga",135399.03719513
"381",5.4229604326963,3.36903993006358,1.36232825850075,3.18744370559347,6.80248766050797,13.835585588832,2.17822732645254,9.40692560853391,1.46464646464647,"Men","Minganga",147821.313417428
"382",5.64974498624506,3.74036415108339,1.30447498188439,3.20357953225602,7.10060214514511,15.0432800515026,2.14156799607667,9.99033544241944,1.54545454545455,"Men","Minganga",161383.2797715
"383",5.89316133223411,4.15868516704768,1.25114019536619,3.21259848193721,7.41351137546615,16.297676993533,2.10611971767465,10.6547214555315,1.62626262626263,"Men","Minganga",176189.497899128
"384",6.15456493277801,4.63165769523564,1.20247948196275,3.22714408525059,7.74263840626498,17.6759117386658,2.06901269223421,11.3547264884508,1.70707070707071,"Men","Minganga",192354.122520621
"385",6.43544915912849,5.16873083189594,1.15170150792502,3.24087702656077,8.0852807054088,19.2471670231411,2.03503856672248,12.092840457243,1.78787878787879,"Men","Minganga",210001.781558294
"386",6.73746156269394,5.78161414013468,1.1062436189018,3.25428960684179,8.46182022150274,20.9296565171428,1.99751390841167,12.9089377682653,1.86868686868687,"Men","Minganga",229268.537007465
"387",7.0624224516715,6.48487334060136,1.05846679664974,3.26568235828964,8.85590374481524,22.7278125268939,1.96125166277523,13.7552912255832,1.94949494949495,"Men","Minganga",250302.933963215
"388",7.41234615307365,7.29668648156418,1.01327019312132,3.27727426335856,9.24593230814535,24.7988877033823,1.92277978952674,14.6311321007826,2.03030303030303,"Men","Minganga",273267.14589082
"389",7.78946541102714,8.23979689989957,0.9649320726605,3.2883044957493,9.68114968184536,27.1003909025952,1.88501051673481,15.581200206451,2.11111111111111,"Men","Minganga",298338.224969784
"390",8.19625945784695,9.34270526710993,0.923878593971328,3.29550287716838,10.1393090441135,29.5712798956156,1.84575701444004,16.6578435008158,2.19191919191919,"Men","Minganga",325709.46715154
"391",8.63548639768842,10.6411499234607,0.882189411037931,3.30051374528693,10.6168244276119,32.1949984414972,1.81306522430833,17.7619203546164,2.27272727272727,"Men","Minganga",355591.902455292
"392",9.1102206674146,12.1799333439017,0.844275371896762,3.31136684133345,11.111454115062,35.0888597662784,1.77630506607318,18.9713332386365,2.35353535353535,"Men","Minganga",388215.92199205
"393",9.62389649040865,14.0151642734322,0.802890604899909,3.31899555061629,11.6243274525271,38.2551523197718,1.74299255693414,20.2356059182498,2.43434343434344,"Men","Minganga",423833.054261087
"394",10.1803584222103,16.2170015953444,0.768287348395997,3.32669488355597,12.183710418979,41.6659572161783,1.7055562076002,21.6059497316792,2.51515151515152,"Men","Minganga",462717.904413925
"395",10.783920309179,18.8730093251958,0.732710727304727,3.32860870942524,12.754390046752,45.4771585400037,1.66843274856809,23.1358932382805,2.5959595959596,"Men","Minganga",505170.271437398
"396",11.4394342516238,22.0922640153727,0.704037457104434,3.33254290277909,13.3666802186496,49.7599639923333,1.63359317698502,24.6754693010409,2.67676767676768,"Men","Minganga",551517.459579103
"397",12.1523714917395,26.0103975066503,0.676016151298455,3.34106617243197,14.0254217221865,54.2089970751538,1.6019961756368,26.3607384670768,2.75757575757576,"Men","Minganga",602116.801836153
"398",12.9289175474561,30.7958099766048,0.643778690738544,3.34725305858771,14.6843989893803,59.2007212664726,1.57051154141945,28.1616410511593,2.83838383838384,"Men","Minganga",657358.414963106
"399",13.7760844022109,36.6573510416726,0.611124908644691,3.35493173108044,15.3825254193871,64.6678460434338,1.5425613011311,30.1582742299578,2.91919191919192,"Men","Minganga",717668.207239953
"400",14.7018431576983,43.8538412894667,0.585326112324741,3.35711256665422,16.1127454129353,70.8624117997691,1.50936089439359,32.2562230424878,3,"Men","Minganga",783511.162189831
